id_contrato,anio,entidad,subtipo_cps,rol_objeto,senales_familia,descripcion_del_proceso,url_secop,version_clasificacion,decision_cps_manual,subtipo_manual,evidencia_url,revisor,fecha_revision
CO1.PCCNTR.2447455,2021,Alcaldía Distrital de Barrancabermeja,Ambiguo,Sin rol,,PRESTAR LOS SERVICIOS COMO APOYO EN LA GESTIÓN DE LAS DISTINTAS ACTIVIDADES DE ORGANIZACIÓN Y PLANIFICACIÓN DE LA IMPLEMENTACIÓN DE LA CARACTERIZACIÓN DEL SECTOR CULTURAL DE LA SECRETARÍA DE CULTURA; TURISMO Y PATRIMONIO EN EL DISTRITO DE BARRANCABERMEJA QUE SE REQUIERAN EN MARCO DEL PROYECTO APOYO,https://community.secop.gov.co/Public/Tendering/OpportunityDetail/Index?noticeUID=CO1.NTC.1923773&isFromPublicArea=True&isModal=true&asPopupView=true,03.v2.1,,,,,
CO1.PCCNTR.2474987,2021,Alcaldía Distrital de Barrancabermeja,Ambiguo,Sin rol,,PRESTAR SUS SERVICIOS COMO MAESTRO EN MUSICA PARA DESARROLLAR LAS ACTIVIDADES QUE CONLLEVEN AL LOGRO DE ACTUALIZAR LAS ESTADISTICAS CULTURALES DEL DISTRITO DE BARRANCABERMEJA A TRAVES DE LA CARACTERIZACION E IDENTIFICACION DE LA COMPOSICION DEL SECTOR CULTURAL Y CREATIVO DEL DISTRITO DE BARRANCABERM,https://community.secop.gov.co/Public/Tendering/OpportunityDetail/Index?noticeUID=CO1.NTC.1945075&isFromPublicArea=True&isModal=true&asPopupView=true,03.v2.1,,,,,
CO1.PCCNTR.2478273,2021,Alcaldía Distrital de Barrancabermeja,Ambiguo,Sin rol,,PRESTAR LOS SERVICIOS COMO APOYO EN LA GESTIÓN EN LAS ACTIVIDADES DE ORGANIZACIÓN E IMPRESIÓN DE DOCUMENTOS QUE SE NECESITEN PARA LA REALIZACION DE LA CARACTERIZACION DEL SECTOR CULTURAL; EN MARCO DEL PROYECTO DE APOYO AL DESARROLLO DE ACCIONES PARA IMPLEMENTAR EL PROGRAMA DE APOYO; PROMOCION Y ACCE,https://community.secop.gov.co/Public/Tendering/OpportunityDetail/Index?noticeUID=CO1.NTC.1947146&isFromPublicArea=True&isModal=true&asPopupView=true,03.v2.1,,,,,
CO1.PCCNTR.2516037,2021,Alcaldía Distrital de Barrancabermeja,Ambiguo,Sin rol,,PRESTACION DE SERVICIOS PROFESIONALES UNIVERSITARIOS EN COMERCIO EXTERIOR; PARA BRINDAR APOYO Y ACOMPAÑAMIENTO EN LOS PROCESOS DE PLANEACION; MEJORA Y SEGUIMIENTO DE LAS ACTIVIDADES ESTABLECIDAS DENTRO DEL PROYECTO DE APOYO A LA GESTION TECNICA Y PROFESIONAL DEL SECTOR AMBIENTAL DEL DISTRITO DE BARR,https://community.secop.gov.co/Public/Tendering/OpportunityDetail/Index?noticeUID=CO1.NTC.1977039&isFromPublicArea=True&isModal=true&asPopupView=true,03.v2.1,,,,,
CO1.PCCNTR.2521769,2021,Alcaldía Distrital de Barrancabermeja,Ambiguo,Sin rol,,PRESTACIÓN DE SERVICIOS PROFESIONALES COMO GEOGRAFO PARA BRINDAR APOYO Y ACOMPAÑAMIENTO A LA SECRETARIA DE MEDIO AMBIENTE EN LOS PROCESOS DE ELABORACIÓN; REVISION Y SEGUIMIENTO A LOS SISTEMAS DE GESTION GEOGRAFICA DENTRO DEL PROYECTO DE APOYO A LA GESTIÓN TÉCNICA Y PROFESIONAL DEL SECTOR AMBIENTAL D,https://community.secop.gov.co/Public/Tendering/OpportunityDetail/Index?noticeUID=CO1.NTC.1982330&isFromPublicArea=True&isModal=true&asPopupView=true,03.v2.1,,,,,
CO1.PCCNTR.2536514,2021,Alcaldía Distrital de Barrancabermeja,Ambiguo,Sin rol,,PRESTAR SERVICIOS COMO DISEÑADOR PARA EL DESARROLLO DE CAMPAÑAS INSTITUCIONALES QUE REQUIERA LA ALCALDÍA DE BARRANCABERMEJA,https://community.secop.gov.co/Public/Tendering/OpportunityDetail/Index?noticeUID=CO1.NTC.1992951&isFromPublicArea=True&isModal=true&asPopupView=true,03.v2.1,,,,,
CO1.PCCNTR.2537313,2021,Alcaldía Distrital de Barrancabermeja,Ambiguo,Sin rol,,PRESTACIÒN DE SERVICIOS PROFECIONALES EN FINANZAS Y RELACIONES INTERNACIONALES PARA BRIDAR APOYO Y ACOMPAÑAMIENTO A LA SUBSECRETARIA DE GESTIÒN DEL RIESGO EN LA FORMULACIÒN; ACTUALIZACIÒN Y SEGUIMIENTO A LOS PROYECTOS DE INVERSIÒN EN EL MINICIPIO DE BARRANCABERMEJA.,https://community.secop.gov.co/Public/Tendering/OpportunityDetail/Index?noticeUID=CO1.NTC.1993576&isFromPublicArea=True&isModal=true&asPopupView=true,03.v2.1,,,,,
CO1.PCCNTR.2558585,2021,Alcaldía Distrital de Barrancabermeja,Ambiguo,Sin rol,,PRESTACION DE SERVICIOS COMO JUDICANTE; PARA FORTALECER LAS POLITICAS DE GESTION Y DESEMPEÑO INSTITUCIONAL DEL MIPG; EN LA SECRETARIA JURIDICA EN DESARROLLO DEL PROYECTO FORTALECIMIENTO INSTITUCIONAL Y MEJORAMIENTO CONTINUO DE LOS PROCESOS Y LAS POLITICAS DE GESTIÓN Y DESEMPEÑO INSTITUCIONAL DE LA A,https://community.secop.gov.co/Public/Tendering/OpportunityDetail/Index?noticeUID=CO1.NTC.2011026&isFromPublicArea=True&isModal=true&asPopupView=true,03.v2.1,,,,,
CO1.PCCNTR.2754243,2021,Alcaldía Distrital de Barrancabermeja,Ambiguo,Sin rol,,PRESTACIÓN DE SERVICIOS CÓMO TOPÓGRAFO PARA BRINDAR APOYO Y ACOMPAÑAMIENTO TÉCNICO A LA SECRETARÍA DE RECURSO FÍSICO DEL DISTRITO DE BARRANCABERMEJA DEL PROYECTO DE FORTALECIMIENTO INSTITUCIONAL DE LOS PROCESOS ADMINISTRATIVOS DE LA SECRETARIA DE RECURSOS FISICOS DEL DISTRITO DE BARRANCABERMEJA,https://community.secop.gov.co/Public/Tendering/OpportunityDetail/Index?noticeUID=CO1.NTC.2167678&isFromPublicArea=True&isModal=true&asPopupView=true,03.v2.1,,,,,
CO1.PCCNTR.2786392,2021,Alcaldía Distrital de Barrancabermeja,Ambiguo,Sin rol,,PRESTACIÓN DE SERVICIOS PROFESONALES EN SALUD OCUPACIONAL PARA EL FORTALECIMIENTO AL PROYECTO IMPLEMENTACIÓN DE LA POLÍTICA PÚBLICA PARA LA ATENCIÓN Y PREVENCIÓN INTEGRAL DE LOS NIÑOS; NIÑAS Y ADOLESCENTES EN EL DISTRITO DE BARRANCABERMEJA,https://community.secop.gov.co/Public/Tendering/OpportunityDetail/Index?noticeUID=CO1.NTC.2193533&isFromPublicArea=True&isModal=true&asPopupView=true,03.v2.1,,,,,
CO1.PCCNTR.2850338,2021,Alcaldía Distrital de Barrancabermeja,Ambiguo,Sin rol,,PRESTACIÓN DE SERVICIOS COMO TECNOLOGÍA PARA APOYAR LA FORMULACIÓN; ESTRUCTURACIÓN Y ACTUALIZACIÓN DE LOS PROYECTOS SEGÚN LA METODOLOGÍA DEL DNP EN LA SECRETARÍA DEL INTERIOR EN DESARROLLO DEL PROYECTO DE FORTALECMIENTO INSTITUCIONAL Y MEJORAMIENTO CONTINUO DE LOS PROCESOS Y LAS POLITICAS DE GESTION,https://community.secop.gov.co/Public/Tendering/OpportunityDetail/Index?noticeUID=CO1.NTC.2247466&isFromPublicArea=True&isModal=true&asPopupView=true,03.v2.1,,,,,
CO1.PCCNTR.2883401,2021,Alcaldía Distrital de Barrancabermeja,Ambiguo,Sin rol,,PRESTAR SERVICIOS COMO TECNOCNOLOGA EN GESTION ADMINISTRATIVA PARA BRINDAR APOYO EN LA ORGANIZACION DOCUMENTAL Y ADMINISTRATIVA DE LOS DIFERENTES GRUPOS DE LA SECRETARIA DE ADULTO MAYOR JUVENTUD E INCLUSION SOCIAL EN DESARROLLO DEL PROYECTO DE FORTALECMIENTO INSTITUCIONAL Y MEJORAMIENTO CONTINUO DE,https://community.secop.gov.co/Public/Tendering/OpportunityDetail/Index?noticeUID=CO1.NTC.2273712&isFromPublicArea=True&isModal=true&asPopupView=true,03.v2.1,,,,,
CO1.PCCNTR.2903652,2021,Alcaldía Distrital de Barrancabermeja,Ambiguo,Sin rol,,PRESTACIÓN DE SERVICIOS PROFESIONALES COMO GEOGRAFO PARA BRINDAR APOYO Y ACOMPAÑAMIENTO A LA SECRETARIA DE MEDIO AMBIENTE EN LOS PROCESOS DE ELABORACIÓN; REVISION Y SEGUIMIENTO A LOS SISTEMAS DE INFORMACION GEOGRAFICA DENTRO DEL PROYECTO DE APOYO A LA GESTIÓN TÉCNICA Y PROFESIONAL DEL SECTOR AMBIENT,https://community.secop.gov.co/Public/Tendering/OpportunityDetail/Index?noticeUID=CO1.NTC.2289332&isFromPublicArea=True&isModal=true&asPopupView=true,03.v2.1,,,,,
CO1.PCCNTR.2916641,2021,Alcaldía Distrital de Barrancabermeja,Ambiguo,Sin rol,,CONSTANCIA VIGENTE DE AFILIACION A EPS Y PENSIONES; O PAGO DE APORTES AL SISTEMA GENERAL DE SEGURIDAD SOCIAL INTEGRADA,https://community.secop.gov.co/Public/Tendering/OpportunityDetail/Index?noticeUID=CO1.NTC.2298532&isFromPublicArea=True&isModal=true&asPopupView=true,03.v2.1,,,,,
CO1.PCCNTR.2927260,2021,Alcaldía Distrital de Barrancabermeja,Ambiguo,Sin rol,,Prestación de los profesionales como administrador para apoyar en los sistemas integrados de gestión y demás trámites administrativos que se requieran en la secretaría de cultura turismo y patrimonio,https://community.secop.gov.co/Public/Tendering/OpportunityDetail/Index?noticeUID=CO1.NTC.2308486&isFromPublicArea=True&isModal=true&asPopupView=true,03.v2.1,,,,,
CO1.PCCNTR.2968341,2021,Alcaldía Distrital de Barrancabermeja,Ambiguo,Sin rol,,PRESTACIÓN DE SUS SERVICIOS COMO MAESTRO EN MUSICA PARA APOYAR EN DESARROLLO DE LAS ACTIVIDADES CULTURALES DEL SECTOR CREATIVO DEL DISTRITO DE BARRANCABERMEJA EN MARCO DEL PROYECTO APOYO AL DESARROLLO DE ACCIONES PARA IMPLEMENTAR EL PROGRAMA DE APOYO PROMOCION Y ACCESO EFECTIVO A PROCESOS CULTURALES,https://community.secop.gov.co/Public/Tendering/OpportunityDetail/Index?noticeUID=CO1.NTC.2342563&isFromPublicArea=True&isModal=true&asPopupView=true,03.v2.1,,,,,
CO1.PCCNTR.2969185,2021,Alcaldía Distrital de Barrancabermeja,Ambiguo,Sin rol,,PRESTACIÓN DE SERVICIO A LA GESTIÓN COMO DINAMIZADOR DEL CORREGIMIENTO  SAN RAFAEL DE CHUCURRI PARA APOYAR EL DESARROLLO DE LA ESTRATEGIA DE DESARROLLO RURAL EN EL MARCO DEL PROYECTO IMPLEMENTACIÓN DE LA ESTRATEGIA DE DESARROLLO RURAL LOCAL SOY RURAL EN EL DISTRITO DE BARRANCABERMEJA,https://community.secop.gov.co/Public/Tendering/OpportunityDetail/Index?noticeUID=CO1.NTC.2343501&isFromPublicArea=True&isModal=true&asPopupView=true,03.v2.1,,,,,
CO1.PCCNTR.2970003,2021,Alcaldía Distrital de Barrancabermeja,Ambiguo,Sin rol,,PRESTACIÓN DE SERVICIOS COMO TOPÓGRAFO; EN DESARROLLO DEL PROYECTO FORTALECIMIENTO DEL PROCESO DE LEGALIZACIÓN DE ASENTAMIENTOS HUMANOS EN EL DISTRITO DE BARRANCABERMEJA; SANTANDER.,https://community.secop.gov.co/Public/Tendering/OpportunityDetail/Index?noticeUID=CO1.NTC.2344004&isFromPublicArea=True&isModal=true&asPopupView=true,03.v2.1,,,,,
CO1.PCCNTR.2973190,2021,Alcaldía Distrital de Barrancabermeja,Ambiguo,Sin rol,,PRESTACIÓN DE SERVICIOS COMO TOPÓGRAFO; EN DESARROLLO DEL PROYECTO FORTALECIMIENTO DEL PROCESO DE LEGALIZACIÓN DE ASENTAMIENTOS HUMANOS EN EL DISTRITO DE BARRANCABERMEJA; SANTANDER.,https://community.secop.gov.co/Public/Tendering/OpportunityDetail/Index?noticeUID=CO1.NTC.2346801&isFromPublicArea=True&isModal=true&asPopupView=true,03.v2.1,,,,,
CO1.PCCNTR.2981184,2021,Alcaldía Distrital de Barrancabermeja,Ambiguo,Sin rol,,PRESTAR LOS SERVICIOS COMO ADMINISTRADOR APOYANDO EN LA REVISIÓN Y PROYECCIÓN DE LOS DOCUMENTOS Y ACTOS ADMINISTRATIVOS REQUERIDOS PARA EL CUMPLIMIENTO DE LAS ACTIVIDADES MISIONALES DE LA SECRETARÍA DE CULTURA; TURISMO Y PATRIMONIO,https://community.secop.gov.co/Public/Tendering/OpportunityDetail/Index?noticeUID=CO1.NTC.2351960&isFromPublicArea=True&isModal=true&asPopupView=true,03.v2.1,,,,,
CO1.PCCNTR.3014321,2021,Alcaldía Distrital de Barrancabermeja,Ambiguo,Sin rol,,CONSTANCIA VIGENTE DE AFILIACION A EPS Y PENSIONES; O PAGO DE APORTES AL SISTEMA GENERAL DE SEGURIDAD SOCIAL INTEGRADA,https://community.secop.gov.co/Public/Tendering/OpportunityDetail/Index?noticeUID=CO1.NTC.2378952&isFromPublicArea=True&isModal=true&asPopupView=true,03.v2.1,,,,,
CO1.PCCNTR.3021268,2021,Alcaldía Distrital de Barrancabermeja,Ambiguo,Sin rol,,PRESTACION DE SERVICIOS PARA APOYAR Y ACOMPAÑAR LOS PROCESOS DEL GRUPO DE ATENCION INTEGRAL A LAS VICTIMAS DE LA SECRETARIA; PLAN DE ATENCION TERRITORIAL Y UNIDADES PRODUCTIVAS,https://community.secop.gov.co/Public/Tendering/OpportunityDetail/Index?noticeUID=CO1.NTC.2384452&isFromPublicArea=True&isModal=true&asPopupView=true,03.v2.1,,,,,
CO1.PCCNTR.3045396,2021,Alcaldía Distrital de Barrancabermeja,Ambiguo,Sin rol,,PRESTACION DE SERVICIOS PARA APOYAR DESDE LA PRODUCCION AUDIOVISUAL LOS DIFERENTES PROCESOS ADMINISTRATIVOS; CREATIVOS Y LOGISTICOS RELACIONADOS CON LAS ACCIONES DEL GRUPO  GOBERNANZA Y CONVIVENCIA DE LA SECRETARIA DEL INTERIOR,https://community.secop.gov.co/Public/Tendering/OpportunityDetail/Index?noticeUID=CO1.NTC.2401967&isFromPublicArea=True&isModal=true&asPopupView=true,03.v2.1,,,,,
CO1.PCCNTR.3064255,2021,Alcaldía Distrital de Barrancabermeja,Ambiguo,Sin rol,,PRESTACIÓN DE SERVICIOS PARA APOYAR LAS LABORES DE GESTIÓN DOCUMENTAL Y ARCHIVO EN LAS FUNCIONES DESARROLLADAS POR LA INSPECCIÓN URBANAS DE POLICÍA JORNADA PERMANENTE TURNO NÚMERO 3 DEL DISTRITO DE BARRANCABERMEJA,https://community.secop.gov.co/Public/Tendering/OpportunityDetail/Index?noticeUID=CO1.NTC.2416935&isFromPublicArea=True&isModal=true&asPopupView=true,03.v2.1,,,,,
CO1.PCCNTR.3065816,2021,Alcaldía Distrital de Barrancabermeja,Ambiguo,Sin rol,,PRESTACIÓN DE SERVICIOS PARA APOYAR LAS LABORES DE GESTIÓN DOCUMENTAL Y ARCHIVO EN LAS FUNCIONES DESARROLLADAS POR LA INSPECCIÓN URBANAS DE POLICÍA JORNADA PERMANENTE TURNO NÚMERO 3 DEL DISTRITO DE BARRANCABERMEJA,https://community.secop.gov.co/Public/Tendering/OpportunityDetail/Index?noticeUID=CO1.NTC.2418333&isFromPublicArea=True&isModal=true&asPopupView=true,03.v2.1,,,,,
CO1.PCCNTR.3069660,2021,Alcaldía Distrital de Barrancabermeja,Ambiguo,Sin rol,,PRESTACION DE SERVICIOS COMO ADMINITRADOR PUBLICO PARA FORTALECER LAS ACTIVIDADES DESDE LA SUBSECRETARIA DE SEGURIDAD CUIDADANA EN DESARROLLO DEL PROYECTO FORTALECIMIENTO TECNICO; JURIDICO Y ADMINISTRATIVO DE LA SECRETARIA DEL INTERIOR DEL DISTRITO DE BARRANCABERMEJA,https://community.secop.gov.co/Public/Tendering/OpportunityDetail/Index?noticeUID=CO1.NTC.2420757&isFromPublicArea=True&isModal=true&asPopupView=true,03.v2.1,,,,,
CO1.PCCNTR.3107314,2021,Alcaldía Distrital de Barrancabermeja,Ambiguo,Sin rol,,APOYAR LA GESTIÓN DE TALENTO HUMANO A TRAVÉS DEL DESARROLLO DE ESTRATEGIAS QUE PERMITAN MEJORAR LAS COMUNICACIONES INTERNAS DE LA ADMINISTRACIÓN CENTRAL EN DESARROLLO DEL PROYECTO DE FORTALECIMIENTO INSTITUCIONAL Y MEJORAMIENTO CONTINUO DE LOS PROCESOS Y LAS POLÍTICAS DE GESTIÓN Y DESEMPEÑO INSTITUC,https://community.secop.gov.co/Public/Tendering/OpportunityDetail/Index?noticeUID=CO1.NTC.2450551&isFromPublicArea=True&isModal=true&asPopupView=true,03.v2.1,,,,,
CO1.PCCNTR.2468284,2021,Alcaldía Distrital de Barrancabermeja,Apoyo a la gestión,Sin rol,,PRESTACION DE SERVICIOS COMO APOYO A LA GESTION PARA DESARROLLAR LAS ACTIVIDADES ADMINISTRATIVAS Y MISIONALES DE LA SECRETARIA TIC-CEI DEL DISTRITO DE BARRANCABERMEJA,https://community.secop.gov.co/Public/Tendering/OpportunityDetail/Index?noticeUID=CO1.NTC.1939690&isFromPublicArea=True&isModal=true&asPopupView=true,03.v2.1,,,,,
CO1.PCCNTR.2509648,2021,Alcaldía Distrital de Barrancabermeja,Apoyo a la gestión,Sin rol,obra,PRESTACION DE SERVICIOS COMO APOYO A LA GESTION PARA EL MANTENIMIENTO DE REDES Y SISTEMAS ELECTRICOS EN ACOMPAÑAMIENTO AL GRUPO DE CONSTRUCCION DE LA SECRETARIA DE INFRAESTRUCTURA DISTRITAL DE BARRANCABERMEJA,https://community.secop.gov.co/Public/Tendering/OpportunityDetail/Index?noticeUID=CO1.NTC.1972124&isFromPublicArea=True&isModal=true&asPopupView=true,03.v2.1,,,,,
CO1.PCCNTR.2544867,2021,Alcaldía Distrital de Barrancabermeja,Apoyo a la gestión,Apoyo a la gestión,,PRESTACIÓN DE LOS SERVICIOS COMO FORMADOR EN MÚSICA VALLENATA EN DESARROLLO DEL PROGRAMA DE ESCUELAS DE FORMACIÓN ARTÍSTICA Y CULTURAL DE LA SECRETARIA DE CULTURA; TURISMO Y PATRIMONIO EN CONTEXTO DE LAS ACTIVIDADES DEL PROYECTO APOYO AL DESARROLLO DE ACCIONES PARA IMPLEMENTAR EL PROGRAMA DE APOYO P,https://community.secop.gov.co/Public/Tendering/OpportunityDetail/Index?noticeUID=CO1.NTC.1999887&isFromPublicArea=True&isModal=true&asPopupView=true,03.v2.1,,,,,
CO1.PCCNTR.2567134,2021,Alcaldía Distrital de Barrancabermeja,Apoyo a la gestión,Sin rol,,PRESTACIÓN DE SERVICIOS DE APOYO A LA GESTIÓN PARA FORTALECER LAS POLITICAS DE GESTION Y DESEMPEÑO INSTITUCIONAL DEL MIPG; EN LA SECRETARIA DE SALUD EN DESARROLLO DEL PROYECTO FORTALECIMIENTO INSTITUCIONAL Y MEJORAMIENTO CONTINUO DE LOS PROCESOS Y LAS POLITICAS DE GESTION Y DESEMPEÑO INSTITUCIONAL D,https://community.secop.gov.co/Public/Tendering/OpportunityDetail/Index?noticeUID=CO1.NTC.2016895&isFromPublicArea=True&isModal=true&asPopupView=true,03.v2.1,,,,,
CO1.PCCNTR.2572426,2021,Alcaldía Distrital de Barrancabermeja,Apoyo a la gestión,Apoyo a la gestión,,PRESTACIÒN DE SERVICIOS DE APOYO A LA GESTIÒN COMO BACHILLER; PARA FORTALECER LAS POLÌTICAS DE GESTIÒN Y DESEMPEÑO INSTITUCIONAL DEL MIPG; EN LA SECRETARIA DE TIC CIENCIA E INNOVACIÒN; EN  DESARROLLO DEL PROYECTO FORTALECIMIENTO INSTITUCIONAL Y MEJORAMIENTO CONTINUO DE LOS PROCESOS Y LAS POLÌTICAS D,https://community.secop.gov.co/Public/Tendering/OpportunityDetail/Index?noticeUID=CO1.NTC.2021537&isFromPublicArea=True&isModal=true&asPopupView=true,03.v2.1,,,,,
CO1.PCCNTR.2607722,2021,Alcaldía Distrital de Barrancabermeja,Apoyo a la gestión,Sin rol,,PRESTACIÓN DE SERVICIOS COOMO APOYO A LA GESTIÓN EN DESARROLLO DEL PROYECTO ACTUALIZACIÓN DE LA NOMENCLATURA DEL DISTRITO DE BARRANCABERMEJA; SANTANDER.,https://community.secop.gov.co/Public/Tendering/OpportunityDetail/Index?noticeUID=CO1.NTC.2047844&isFromPublicArea=True&isModal=true&asPopupView=true,03.v2.1,,,,,
CO1.PCCNTR.2613960,2021,Alcaldía Distrital de Barrancabermeja,Apoyo a la gestión,Sin rol,,PRESTACIÓN DE SERVICIOS DE  APOYO A LA GESTIÓN  PARA FORTALECER LAS POLÍTICA  DE GESTIÓN DOCUMENTAL  DEL MIPG EN LA SECRETARÍA DE PLANEACIÓN; EN DESARROLLO DE LA ACTIVIDAD 1 DEL  PROYECTO FORTALECIMIENTO INSTITUCIONAL Y MEJORAMIENTO CONTINUO DE LOS PROCESOS Y LAS POLÍTICAS DE GESTIÓN Y DESEMPEÑO INS,https://community.secop.gov.co/Public/Tendering/OpportunityDetail/Index?noticeUID=CO1.NTC.2051876&isFromPublicArea=True&isModal=true&asPopupView=true,03.v2.1,,,,,
CO1.PCCNTR.2711861,2021,Alcaldía Distrital de Barrancabermeja,Apoyo a la gestión,Apoyo a la gestión,,PRESTAR SUS SERVICIOS COMO MONITOR APOYANDO LOS PROCESOS DE INSTRUCCION Y ORIENTACION EN EL AREA DE MUSICA VALLENATA EN EL PROGRAMA DE ESCUELAS DE FORMACION ARTISTICA Y CULTURAL EN VIRTUD DE LAS ACTIVIDADES DEL PROYECTO APOYO AL DESARROLLO DE ACCIONES PARA IMPLEMENTAR EL PROGRAMA DE APOYO; PROMOCION,https://community.secop.gov.co/Public/Tendering/OpportunityDetail/Index?noticeUID=CO1.NTC.2131851&isFromPublicArea=True&isModal=true&asPopupView=true,03.v2.1,,,,,
CO1.PCCNTR.2714494,2021,Alcaldía Distrital de Barrancabermeja,Apoyo a la gestión,Apoyo a la gestión,,PRESTACIÓN DE SERVICIOS COMO APOYO A LA GESTIÓN COMO BACHILLER; PARA FORTALECER LA POLÍTICA DE GESTIÓN ESTRATÉGICA DE TALENTO HUMANO DEL MIPG ; DESDE LA SECRETARIA DE TALENTO HUMANO GRUPO RELACIONAMIENTO CON EL CIUDADANO ;EN DESARROLLO DE LA ACTIVIDAD 1 DEL PROYECTO FORTALECIMIENTO INSTITUCIONAL Y M,https://community.secop.gov.co/Public/Tendering/OpportunityDetail/Index?noticeUID=CO1.NTC.2133792&isFromPublicArea=True&isModal=true&asPopupView=true,03.v2.1,,,,,
CO1.PCCNTR.2736330,2021,Alcaldía Distrital de Barrancabermeja,Apoyo a la gestión,Sin rol,,PRESTAR SERVICIOS DE APOYO A LA GESTION BRINDANDO ACOMPAÑAMIENTO A LAS ACCIONES DE ATENCION Y EMPODERAMIENTO DE LA POBLACION CON DISCAPACIDAD FISICA EN EL DISTRITO DE BARRANCABERMEJA,https://community.secop.gov.co/Public/Tendering/OpportunityDetail/Index?noticeUID=CO1.NTC.2153074&isFromPublicArea=True&isModal=true&asPopupView=true,03.v2.1,,,,,
CO1.PCCNTR.2791533,2021,Alcaldía Distrital de Barrancabermeja,Apoyo a la gestión,Sin rol,,PRESTAR SERVICIOS COMO APOYO A LA GESTION PARA LA EJECUCIÓN Y ACOMPAÑAMIENTO DE CAMPAÑAS Y ACTIVIDADES DE CONVIVENCIA EN EL MARCO DEL PROYECTO APOYO A LA PROMOCIÓN DE ENTORNOS SEGUROS PARA LA CONVIVENCIA Y SEGURIDAD CIUDADANA EN EL DISTRITO DE BARRANCABERMEJA.,https://community.secop.gov.co/Public/Tendering/OpportunityDetail/Index?noticeUID=CO1.NTC.2197619&isFromPublicArea=True&isModal=true&asPopupView=true,03.v2.1,,,,,
CO1.PCCNTR.2796987,2021,Alcaldía Distrital de Barrancabermeja,Apoyo a la gestión,Sin rol,,PRESTAR SERVICIOS COMO APOYO A LA GESTION PARA REALIZAR ACTIVIDADES DE FORTALECIMIENTO DE LA CULTURA Y CONVIVENCIA CIUDADANA EN EL MARCO DEL PROYECTO APOYO A LA PROMOCIÓN DE ENTORNOS SEGUROS PARA LA CONVIVENCIA Y SEGURIDAD CIUDADANA EN EL DISTRITO DE BARRANCABERMEJA.,https://community.secop.gov.co/Public/Tendering/OpportunityDetail/Index?noticeUID=CO1.NTC.2201894&isFromPublicArea=True&isModal=true&asPopupView=true,03.v2.1,,,,,
CO1.PCCNTR.2836963,2021,Alcaldía Distrital de Barrancabermeja,Apoyo a la gestión,Sin rol,obra,PRESTACIÓN DE SERVICIOS COMO APOYO A LA GESTIÓN PARA EL MANTENIMIENTO DE REDES Y SISTEMAS ELÉCTRICOS EN ACOMPAÑAMIENTO AL GRUPO DE CONSTRUCCIÓN DE LA SECRETARÍA DE INFRAESTRUCTURA EN DESARROLLO DEL PROYECTO DE FORTALECIMIENTO INSTITUCIONAL Y MEJORAMIENTO CONTINUO DE LOS PROCESOS Y LAS POLÍTICAS DE G,https://community.secop.gov.co/Public/Tendering/OpportunityDetail/Index?noticeUID=CO1.NTC.2235860&isFromPublicArea=True&isModal=true&asPopupView=true,03.v2.1,,,,,
CO1.PCCNTR.2858579,2021,Alcaldía Distrital de Barrancabermeja,Apoyo a la gestión,Sin rol,,PRESTACIÓN DE SERVICIOS DE APOYO A LA GESTIÓN; PARA APOYAR EN LA ORGANIZACIÓN DE LOS DOCUMENTOS GENERADOS DESDE LA DEPENDENCIA Y EN LAS DIFERENTES ACTIVIDADES ADELANTADAS EN LA SECRETARÍA DE INFRAESTRUCTURA EN DESARROLLO DEL PROYECTO DE FORTALECIMIENTO INSTITUCIONAL Y MEJORAMIENTO CONTINUO DE LOS PR,https://community.secop.gov.co/Public/Tendering/OpportunityDetail/Index?noticeUID=CO1.NTC.2254406&isFromPublicArea=True&isModal=true&asPopupView=true,03.v2.1,,,,,
CO1.PCCNTR.2971067,2021,Alcaldía Distrital de Barrancabermeja,Apoyo a la gestión,Apoyo a la gestión,,PRESTACION DE SERVICIOS COMO TECNOLOGA EN CONTABILIDAD FINANCIERA PARA BRINDAR APOYO EN EL AREA ADMINISTRATIVA Y FINANCIERA DE LA SECRETARIA DE EDUCACION EN DESARROLLO DEL PROYECTO IMPLEMENTACIÓN DE ESTRATEGIAS PARA GARANTIZAR EL FUNCIONAMIENTO DE LOS ESTABLECIMIENTOS EDUCATIVOS DEL SECTOR EDUCATIVO,https://community.secop.gov.co/Public/Tendering/OpportunityDetail/Index?noticeUID=CO1.NTC.2345187&isFromPublicArea=True&isModal=true&asPopupView=true,03.v2.1,,,,,
CO1.PCCNTR.2975979,2021,Alcaldía Distrital de Barrancabermeja,Apoyo a la gestión,Sin rol,,PRESTACION DE SERVICIOS DE APOYO A LA GESTION PARA FORTALECER LAS ACTIVIDADES ADMINISTRATIVAS DESDE EL GRUPO DE INSPECCIONES Y COMISARIAS EN DESARROLLO DEL PROYECTO FORTALECIMIENTO TECNICO JURIDICO Y ADMINISTRATIVO DE LA SECRETARIA DEL INTERIOR DEL DISTRITO DE BARRANCABERMEJA,https://community.secop.gov.co/Public/Tendering/OpportunityDetail/Index?noticeUID=CO1.NTC.2347659&isFromPublicArea=True&isModal=true&asPopupView=true,03.v2.1,,,,,
CO1.PCCNTR.3010800,2021,Alcaldía Distrital de Barrancabermeja,Apoyo a la gestión,Sin rol,,PRESTACION DE SERVICIOS DE APOYO A LA GESTION PARA FORTALECER LOS PROCESOS DE PARTICIPACION SOCIOECONOMICAS DE LOS PESCADORES ARTESANALES Y SUS ORGANIZACIONES EN EL DESARROLLO DE INICIATIVAS DE GENERACION DE INGRESOS A LAS FAMILIAS QUE VIVEN DE LA ACTIVIDAD PESQUERA ARTESANAL EN EL DISTRITO DE BARRA,https://community.secop.gov.co/Public/Tendering/OpportunityDetail/Index?noticeUID=CO1.NTC.2375844&isFromPublicArea=True&isModal=true&asPopupView=true,03.v2.1,,,,,
CO1.PCCNTR.2502823,2021,Alcaldía Distrital de Barrancabermeja,Profesional,Profesional,,PRESTACION DE SERVICIOS PROFESIONALES COMO ADMINISTRADORA DE EMPRESAS ESPECIALIZADA PARA APOYAR LA ORGANIZACION Y EJECUCION DE LAS ACCIONES NECESARIAS AL SECTOR EMPRESARIAL Y A LOS PROCESOS DE LA SECRETARIA DE EMPRENDIMIENTO DEL DISTRITO DE BARRANCABERMEJA,https://community.secop.gov.co/Public/Tendering/OpportunityDetail/Index?noticeUID=CO1.NTC.1965967&isFromPublicArea=True&isModal=true&asPopupView=true,03.v2.1,,,,,
CO1.PCCNTR.2540351,2021,Alcaldía Distrital de Barrancabermeja,Profesional,Profesional,,PRESTACIÒN DE SERVICIOS PROFESIONALES COMO INGENIERO AMBIENTAL; PARA BRIDAR APOYO AL FORTALECIMIENTO DE LA POLÌTICA DE PLANEACIÒN INSTITUCIONAL DEL MIPG; DESDE LA SECRETARIA DE INFRAESTRUCTURA; EN DESARROLLO DEL PROYECTO FORTALECIMIENTO INSTITUCIONAL Y MEJORAMIENTO CONTINUO DE LOS PROCESOS Y LAS POL,https://community.secop.gov.co/Public/Tendering/OpportunityDetail/Index?noticeUID=CO1.NTC.1996088&isFromPublicArea=True&isModal=true&asPopupView=true,03.v2.1,,,,,
CO1.PCCNTR.2563613,2021,Alcaldía Distrital de Barrancabermeja,Profesional,Profesional,,PRESTAR LOS SERVICIOS PROFESIONALES COMO CONTADOR PARA APOYAR EN LA SUPERVISION; CONTROL Y SEGUIMIENTO EN EL AREA CONTABLE Y ADMINISTRATIVO QUE SE DESARROLLE EN EL GRUPO DE ADULTO MAYOR; EN EL MARCO DEL PROYECTO DE APOYO Y ATENCION A LAS PERSONAS ADULTAS MAYORES DEL DISTRITO DE BARRANCABERMEJA,https://community.secop.gov.co/Public/Tendering/OpportunityDetail/Index?noticeUID=CO1.NTC.2014307&isFromPublicArea=True&isModal=true&asPopupView=true,03.v2.1,,,,,
CO1.PCCNTR.2563791,2021,Alcaldía Distrital de Barrancabermeja,Profesional,Profesional,,PRESTAR LOS SERVICIOS PROFESIONALES COMO ABOGADO(A) PARA APOYAR EN LOS PROCESOS ADMINISTRATIVOS Y JURIDICOS NECESARIOS PARA EL FUNCIONAMIENTO DEL GRUPO DEL ADULTO MAYOR; EN EL MARCO DEL PROYECTO DE APOYO Y ATENCION A LAS PERSONAS ADULTAS MAYORES DEL DISTRITO DE BARRANCABERMEJA,https://community.secop.gov.co/Public/Tendering/OpportunityDetail/Index?noticeUID=CO1.NTC.2014718&isFromPublicArea=True&isModal=true&asPopupView=true,03.v2.1,,,,,
CO1.PCCNTR.2671569,2021,Alcaldía Distrital de Barrancabermeja,Profesional,Profesional,,PRESTACIÓN DE SERVICIOS PROFESIONALES EN NEGOCIOS INTERNACIONALES ESPECIALISTA PARA APOYAR EL ÁREA DE PROYECTOS DE LA SECRETARÍA DE EDUCACIÓN EDUCACION EN DESARROLLO DEL PROYECTO IMPLEMENTACIÓN DE ESTRATEGIAS PARA GARANTIZAR EL FUNCIONAMIENTO DE LOS ESTABLECIMIENTOS EDUCATIVOS DEL SECTOR EDUCATIVO O,https://community.secop.gov.co/Public/Tendering/OpportunityDetail/Index?noticeUID=CO1.NTC.2098740&isFromPublicArea=True&isModal=true&asPopupView=true,03.v2.1,,,,,
CO1.PCCNTR.2707699,2021,Alcaldía Distrital de Barrancabermeja,Profesional,Profesional,obra,PRESTACION DE SERVICIOS COMO ARQUITECTO ESPECIALISTA PARA LA ASESORIA TECNICA Y OPERATIVA DE LOS PROCESOS Y PROYECTOS ESTRATEGICOS DEL DISTRITO DE BARRANCABERMEJA EN DESARROLLO DEL PROYECTO CONSTRUCCION DE LAS OBRAS DEL MALECOM; MERCADO GASTRONOMICO; CENTRO BIT; OBRAS ADICCIONALES EN EL CORREDOR Y A,https://community.secop.gov.co/Public/Tendering/OpportunityDetail/Index?noticeUID=CO1.NTC.2128337&isFromPublicArea=True&isModal=true&asPopupView=true,03.v2.1,,,,,
CO1.PCCNTR.2806386,2021,Alcaldía Distrital de Barrancabermeja,Profesional,Profesional,,PRESTACIÓN DE SERVICIOS PROFESIONALES COMO LICENCIADO EN LENGUA CASTELLANA PARA APOYAR EL AREA DE CALIDAD EDUCATIVA DE LA SECRETARÍA DE EDUCACIÓN EN DESARROLLO DEL PROYECTO IMPLEMENTACIÓN DE ESTRATEGIAS PARA GARANTIZAR EL FUNCIONAMIENTO DE LOS ESTABLECIMIENTOS EDUCATIVOS DEL SECTOR EDUCATIVO OFICIAL,https://community.secop.gov.co/Public/Tendering/OpportunityDetail/Index?noticeUID=CO1.NTC.2210377&isFromPublicArea=True&isModal=true&asPopupView=true,03.v2.1,,,,,
CO1.PCCNTR.2812886,2021,Alcaldía Distrital de Barrancabermeja,Profesional,Profesional,,PRESTACIÓN DE SERVICIOS PROFESIONALES COMO ADMINISTRADORA DE EMPRESAS ESPECIALIZADA PARA APOYAR LA ORGANIZACIÓN Y EJECUCIÓN DE LAS ACCIONES EN EL MARCO DE LA REACTIVACIÓN ECONÓMICA; EL FORTALECIMIENTO EMPRESARIAL Y DAR RESPUESTA A LAS NECESIDADES DE LOS SECTORES ECONÓMICOS CON LA OFERTA INSTITUCIONA,https://community.secop.gov.co/Public/Tendering/OpportunityDetail/Index?noticeUID=CO1.NTC.2216424&isFromPublicArea=True&isModal=true&asPopupView=true,03.v2.1,,,,,
CO1.PCCNTR.2829269,2021,Alcaldía Distrital de Barrancabermeja,Profesional,Profesional,,PRESTAR SUS SERVICIOS PROFESIONALES COMO INGENIERO INDUSTRIAL PARA LA FORMULACION Y SEGUIMIENTO A PROYECTOS; PROCESOS; ELABORACION DE PROPUESTAS ARTISITICAS Y CULTURALES Y DEMAS ACTIVIDADES ADMINISTRATIVAS; MISIONALES Y ESTRATEGICAS DE LA SECRETARIA DE CULTURA; TURISMO Y PATRIMONIO.,https://community.secop.gov.co/Public/Tendering/OpportunityDetail/Index?noticeUID=CO1.NTC.2230401&isFromPublicArea=True&isModal=true&asPopupView=true,03.v2.1,,,,,
CO1.PCCNTR.2833555,2021,Alcaldía Distrital de Barrancabermeja,Profesional,Profesional,,PRESTACIÓN DE SERVICIOS PROFESIONALES COMO PSICÓLOGO PARA EL ACOMPAÑAMIENTO Y FORTALECIMIENTO DEL CONSEJO MUNICIPAL DE DESARROLLO RURAL  CMDR Y CONSEJO MUNICIPAL DE PESCA Y  PISCICULTURA CMPAYP EN EL MARCO DEL PROYECTO FORTALECIMIENTO DE LAS INSTANCIA DE PARTICIPACIÓN CIUDADANA DEL SECTOR AGROPECUAR,https://community.secop.gov.co/Public/Tendering/OpportunityDetail/Index?noticeUID=CO1.NTC.2232912&isFromPublicArea=True&isModal=true&asPopupView=true,03.v2.1,,,,,
CO1.PCCNTR.2835807,2021,Alcaldía Distrital de Barrancabermeja,Profesional,Profesional,,PRESTAR SERVICIOS PROFESIONALES COMO INGENIERO DE SISTEMAS PARA APOYAR LAS ACTIVIDADES DEL PROYECTO IMPLEMENTACIÓN DE ACCIONES DE LA POLÍTICA DE GOBIERNO DIGITAL DEL DISTRITO; BARRANCABERMEJA (TRAMITES Y SERVICIOS EN LINEA),https://community.secop.gov.co/Public/Tendering/OpportunityDetail/Index?noticeUID=CO1.NTC.2234473&isFromPublicArea=True&isModal=true&asPopupView=true,03.v2.1,,,,,
CO1.PCCNTR.2849693,2021,Alcaldía Distrital de Barrancabermeja,Profesional,Profesional,,PRESTAR LOS SERVICIOS PROFESIONALES COMO ADMINISTRADOR DE EMPRESAS; PARA ACOMPAÑAR Y APOYAR EN LOS PROCESOS ADMINISTRATIVOS Y TÉCNICOS QUE SE IMPLEMENTEN EN LOS DIFERENTES GRUPOS DE LA SECRETARÍA DE ADULTO MAYOR JUVENTUD E INCLUSIÓN SOCIAL EN DESARROLLO DEL PROYECTO DE FORTALECIMIENTO INSTITUCIONAL,https://community.secop.gov.co/Public/Tendering/OpportunityDetail/Index?noticeUID=CO1.NTC.2247611&isFromPublicArea=True&isModal=true&asPopupView=true,03.v2.1,,,,,
CO1.PCCNTR.2859634,2021,Alcaldía Distrital de Barrancabermeja,Profesional,Profesional,obra,PRESTACION DE SERVICIOS COMO INGENIERO INDUSTRIAL PARA EL SEGUIMIENTO Y TABULACION DE INFORMACION EN DESARROLLO DEL PROYECTO CONSTRUCCION DE LAS OBRAS DEL MALECON MERCADO GASTRONOMICO; CENTRO BIT; OBRAS ADICCIONALES EN EL CORREDOR Y ACCIONES COMPLEMENTARIAS DE GESTION APOYO Y SEGUIMIENTO.,https://community.secop.gov.co/Public/Tendering/OpportunityDetail/Index?noticeUID=CO1.NTC.2254487&isFromPublicArea=True&isModal=true&asPopupView=true,03.v2.1,,,,,
CO1.PCCNTR.2880331,2021,Alcaldía Distrital de Barrancabermeja,Profesional,Profesional,,PRESTAR LOS SERVICIOS PROFESIONALES COMO ABOGADO ESPECIALIZADO PARA BRINDAR APOYO JURÍDICO Y ADMINISTRATIVO EN LOS PROCESOS Y TRAMITES QUE SE GENERAN EN LOS DIFERENTES GRUPOS EN EL MARCO DEL PROYECTO FORTALECIMIENTO TÉCNICO; JURÍDICO Y ADMINISTRATIVO DE LA SECRETARÍA DEL ADULTO MAYOR; JUVENTUD E INC,https://community.secop.gov.co/Public/Tendering/OpportunityDetail/Index?noticeUID=CO1.NTC.2271636&isFromPublicArea=True&isModal=true&asPopupView=true,03.v2.1,,,,,
CO1.PCCNTR.2934973,2021,Alcaldía Distrital de Barrancabermeja,Profesional,Profesional,,PRESTAR LOS SERVICIOS PROFESIONALES COMO POLITOLOGO PARA APOYAR EN LOS DIFERENTES PROCESOS ADMINISTRATIVOS Y TECNICOS DEL GRUPO DE JUVENTUDES Y DEMAS ACTIVIDADES DE LA SECRETARIA; EN EL MARCO DEL PROYECTO FORTALECIMIENTO TECNICO; JURIDICA Y ADMINISTRATIVO DE LA SECRETARIA DEL ADULTO MAYOR; JUVENTUD,https://community.secop.gov.co/Public/Tendering/OpportunityDetail/Index?noticeUID=CO1.NTC.2315708&isFromPublicArea=True&isModal=true&asPopupView=true,03.v2.1,,,,,
CO1.PCCNTR.2976981,2021,Alcaldía Distrital de Barrancabermeja,Profesional,Profesional,obra,PRESTACIÓN DE SERVICIOS PROFESIONALES COMO POLITÓLOGO PARA EL APOYO AL PROCESO DE FORMULACIÓN Y ESTRUCTURACIÓN DE LOS LINEAMIENTOS BÁSICOS PARA LA CONSTRUCCIÓN DE LA POLÍTICA PÚBLICA AGROPECUARIA Y PESQUERA DE LA SECRETARÍA DE AGRICULTURA PESCA Y DESARROLLO RURAL EN DESARROLLO DEL PROYECTO DE FORTAL,https://community.secop.gov.co/Public/Tendering/OpportunityDetail/Index?noticeUID=CO1.NTC.2348816&isFromPublicArea=True&isModal=true&asPopupView=true,03.v2.1,,,,,
CO1.PCCNTR.2977730,2021,Alcaldía Distrital de Barrancabermeja,Profesional,Profesional,,PRESTACIÓN DE SERVICIOS PROFESIONALES COMO NUTRICIONISTA; PARA REALIZAR Y FORTALECER LAS ACCIONES QUE BUSCAN PROPENDER POR LA SEGURIDAD ALIMENTARIA Y NUTRICIONAL CON EL FIN DE ASEGURAR LA SALUD DE LAS PERSONAS; ASÌ COMO APOYAR LAS ACCIONES DE SALUD PÚBLICA NECESARIAS PARA LA CONTENCIÓN Y EFECTOS DE,https://community.secop.gov.co/Public/Tendering/OpportunityDetail/Index?noticeUID=CO1.NTC.2349139&isFromPublicArea=True&isModal=true&asPopupView=true,03.v2.1,,,,,
CO1.PCCNTR.3096493,2021,Alcaldía Distrital de Barrancabermeja,Profesional,Profesional,,PRESTAR SERVICIOS PROFESIONALES COMO CONTADOR  PÚBLICO EN  LAS DIVERSAS ACTIVIDADES CONTABLES Y FINANCIERAS QUE PERMITAN EL BUEN DESARROLLO DE LOS FINES MISIONALES  DE LA SECRETARÍA DE ESPACIO PÚBLICO Y CONTROL EN DESARROLLO DEL PROYECTO DE FORTALECIMIENTO INSTITUCIONAL Y MEJORAMIENTO CONTINUO DE LO,https://community.secop.gov.co/Public/Tendering/OpportunityDetail/Index?noticeUID=CO1.NTC.2443619&isFromPublicArea=True&isModal=true&asPopupView=true,03.v2.1,,,,,
CO1.PCCNTR.2965690,2021,Alcaldía Distrital de Barrancabermeja,Sin evidencia,Sin rol,obra,SERVICIO DE AVALUO PARA INMUEBLES PARA ADQUISICIÓN EN DESARROLLO DEL PROYECTO ESTUDIOS Y DISEÑOS PARA LA CONSTRUCCION DE UN MERCADO PESQUERO EN EL SECTOR LA RAMPA DENTRO DE LOS PROYECTOS ESTRATEGICOS DEL DISTRITO DE BARRANCABERMEJA,https://community.secop.gov.co/Public/Tendering/OpportunityDetail/Index?noticeUID=CO1.NTC.2287477&isFromPublicArea=True&isModal=true&asPopupView=true,03.v2.1,,,,,
CO1.PCCNTR.3263670,2022,Alcaldía Distrital de Barrancabermeja,Ambiguo,Sin rol,,Sin Descripcion,https://community.secop.gov.co/Public/Tendering/OpportunityDetail/Index?noticeUID=CO1.NTC.2579769&isFromPublicArea=True&isModal=true&asPopupView=true,03.v2.1,,,,,
CO1.PCCNTR.3277813,2022,Alcaldía Distrital de Barrancabermeja,Ambiguo,Sin rol,,PROFESIONALES COMO ENFERMERO; PARA BRINDAR APOYO Y FORTALECER LAS ACCIONES Y/O ACTIVIDADES DE LA DIMENSIÓN SALUD PÚBLICA EN EMERGENCIAS Y DESASTRES DEL PDSP; EN DESARROLLO DEL PROYECTO FORTALECIMIENTO DEL SISTEMA DE EMERGENCIAS Y DESASTRES EN SALUD DEL DISTRITO DE BARRANCABERMEJA; DEPARTAMENTO DE SA,https://community.secop.gov.co/Public/Tendering/OpportunityDetail/Index?noticeUID=CO1.NTC.2592188&isFromPublicArea=True&isModal=true&asPopupView=true,03.v2.1,,,,,
CO1.PCCNTR.3284051,2022,Alcaldía Distrital de Barrancabermeja,Ambiguo,Sin rol,,PRESTACIÓN DE SERVICIOS COMO APOYO A LA GESTIÓN DE TOPOGRAFÍA PARA OTROS SERVICIOS PROFESIONALES; TÉCNICOS Y EMPRESARIALES EN DESARROLLO DEL PROYECTO PAVIMENTACIÓN Y MEJORAMIENTO VÍAS VEHICULARES EN LOS DIFERENTES SECTORES DEL DISTRITO DE BARRANCABERMEJA; SANTANDER,https://community.secop.gov.co/Public/Tendering/OpportunityDetail/Index?noticeUID=CO1.NTC.2597742&isFromPublicArea=True&isModal=true&asPopupView=true,03.v2.1,,,,,
CO1.PCCNTR.3295597,2022,Alcaldía Distrital de Barrancabermeja,Ambiguo,Sin rol,,PRESTAR SERVICIOS COMO TECNOLOGOEN ADMINISTRACIÓN FINANACIERA PARA BRINDAR APOYO EN EL DESARROLLO DE LAS ACTIVIDADES EN EL MARCO DEL PROYECTO APOYO A LA PROMOCIÓN DE ENTORNOS SEGUROS PARA LA CONVIVENCIA Y SEGURIDAD CIUDADANA EN EL DISTRITO DE BARRANCABERMEJA,https://community.secop.gov.co/Public/Tendering/OpportunityDetail/Index?noticeUID=CO1.NTC.2607439&isFromPublicArea=True&isModal=true&asPopupView=true,03.v2.1,,,,,
CO1.PCCNTR.3296921,2022,Alcaldía Distrital de Barrancabermeja,Ambiguo,Sin rol,,PRESTACIÓN DE SERVICIOS COMO APOYO A LA GESTIÓN DE TOPOGRAFÍA PARA OTROS SERVICIOS PROFESIONALES; TÉCNICOS Y EMPRESARIALES EN DESARROLLO DEL PROYECTO PAVIMENTACIÓN Y MEJORAMIENTO VÍAS VEHICULARES EN LOS DIFERENTES SECTORES DEL DISTRITO DE BARRANCABERMEJA; SANTANDER,https://community.secop.gov.co/Public/Tendering/OpportunityDetail/Index?noticeUID=CO1.NTC.2608239&isFromPublicArea=True&isModal=true&asPopupView=true,03.v2.1,,,,,
CO1.PCCNTR.3306890,2022,Alcaldía Distrital de Barrancabermeja,Ambiguo,Sin rol,,PRESTACIÓN DE SERVICIOS PROFESIONALES UNIVERSITARIOS EN COMERCIO EXTERIOR; PARA BRINDAR APOYO Y ACOMPAÑAMIENTO EN LOS PROCESOS DE PLANEACION; MEJORA Y SEGUIMIENTO DE LAS ACTIVIDADES ESTABLECIDAS DENTRO DEL PROYECTO DE APOYO A LA GESTIÓN TÉCNICA Y PROFESIONAL DEL SECTOR AMBIENTALEN LA VIGENCIA 2022 E,https://community.secop.gov.co/Public/Tendering/OpportunityDetail/Index?noticeUID=CO1.NTC.2617730&isFromPublicArea=True&isModal=true&asPopupView=true,03.v2.1,,,,,
CO1.PCCNTR.3320854,2022,Alcaldía Distrital de Barrancabermeja,Ambiguo,Sin rol,,PRESTACION DE SERVICIOS COMO A LA GESTIÓN PARA LAS DIFERENTES ACTIVIDADES ADMINISTRATIVAS QUE SE REQUIERAN DESDE EL FORCAP DE LA ALCALDIA DISTRITAL DE BARRANCABERMEJA,https://community.secop.gov.co/Public/Tendering/OpportunityDetail/Index?noticeUID=CO1.NTC.2628221&isFromPublicArea=True&isModal=true&asPopupView=true,03.v2.1,,,,,
CO1.PCCNTR.3321657,2022,Alcaldía Distrital de Barrancabermeja,Ambiguo,Sin rol,,PRESTACIÓN DE SERVICIOS PROFESIONALES COMO COMUNICADORA CON ÉNFASIS ORGANIZACIONAL PARA APOYAR EL MANEJO ADMINISTRATIVO QUE SE DESARROLLA DESDE LA SECRETARÍA DE RECURSO FÍSICO DEL DISTRITO DE BARRANCABERMEJA  EN EL MARCO DEL FORTALECIMIENTO INSTITUCIONAL PARA EL APOYO A LA GESTIÓN ADMINISTRATIVA Y F,https://community.secop.gov.co/Public/Tendering/OpportunityDetail/Index?noticeUID=CO1.NTC.2628749&isFromPublicArea=True&isModal=true&asPopupView=true,03.v2.1,,,,,
CO1.PCCNTR.3368058,2022,Alcaldía Distrital de Barrancabermeja,Ambiguo,Sin rol,,PRESTACIÓN DE SERVICIOS PROFESIONALES COMO GEOGRAFO PARA BRINDAR APOYO EN LOS PROCESOS DE ELABORACIÓN; REVISION Y SEGUIMIENTO A LOS SISTEMAS DE GESTION GEOGRAFICA DENTRO DEL PROYECTO DE APOYO A LA GESTIÓN TÉCNICA Y PROFESIONAL DEL SECTOR AMBIENTAL EN LA VIGENCIA 2022 EN EL DISTRITO DE BARRANCABERME,https://community.secop.gov.co/Public/Tendering/OpportunityDetail/Index?noticeUID=CO1.NTC.2667751&isFromPublicArea=True&isModal=true&asPopupView=true,03.v2.1,,,,,
CO1.PCCNTR.3426280,2022,Alcaldía Distrital de Barrancabermeja,Ambiguo,Sin rol,,PRESTACIÓN DE SERVICIOS DE APOYO A LA GESTIÓN PARA OTROS SERVICIOS PROFESIONALES TECNICOS Y EMPRESARIALES EN DESARROLLO DEL PROYECTO PAVIMENTACION Y MEJORAMIENTO VIAS VEHICULARES EN LOS DIFERENTES SECTORES DEL DISTRITO DE BARRANCABERMEJA; SANTANDER.,https://community.secop.gov.co/Public/Tendering/OpportunityDetail/Index?noticeUID=CO1.NTC.2715389&isFromPublicArea=True&isModal=true&asPopupView=true,03.v2.1,,,,,
CO1.PCCNTR.3443206,2022,Alcaldía Distrital de Barrancabermeja,Ambiguo,Sin rol,,Sin Descripcion,https://community.secop.gov.co/Public/Tendering/OpportunityDetail/Index?noticeUID=CO1.NTC.2727236&isFromPublicArea=True&isModal=true&asPopupView=true,03.v2.1,,,,,
CO1.PCCNTR.3454096,2022,Alcaldía Distrital de Barrancabermeja,Ambiguo,Sin rol,,Sin Descripcion,https://community.secop.gov.co/Public/Tendering/OpportunityDetail/Index?noticeUID=CO1.NTC.2737591&isFromPublicArea=True&isModal=true&asPopupView=true,03.v2.1,,,,,
CO1.PCCNTR.3457987,2022,Alcaldía Distrital de Barrancabermeja,Ambiguo,Sin rol,,Sin Descripcion,https://community.secop.gov.co/Public/Tendering/OpportunityDetail/Index?noticeUID=CO1.NTC.2740434&isFromPublicArea=True&isModal=true&asPopupView=true,03.v2.1,,,,,
CO1.PCCNTR.3458872,2022,Alcaldía Distrital de Barrancabermeja,Ambiguo,Sin rol,,PRESTACIÓN DE SERVICIOS COMO APOYO A LA GESTIÓN DE TOPOGRAFÍA PARA OTROS SERVICIOS PROFESIONALES; TÉCNICOS Y EMPRESARIALES EN DESARROLLO DEL PROYECTO PAVIMENTACIÓN Y MEJORAMIENTO VÍAS VEHICULARES EN LOS DIFERENTES SECTORES DEL DISTRITO DE BARRANCABERMEJA; SANTANDER,https://community.secop.gov.co/Public/Tendering/OpportunityDetail/Index?noticeUID=CO1.NTC.2741433&isFromPublicArea=True&isModal=true&asPopupView=true,03.v2.1,,,,,
CO1.PCCNTR.3468531,2022,Alcaldía Distrital de Barrancabermeja,Ambiguo,Sin rol,,Sin Descripcion,https://community.secop.gov.co/Public/Tendering/OpportunityDetail/Index?noticeUID=CO1.NTC.2748950&isFromPublicArea=True&isModal=true&asPopupView=true,03.v2.1,,,,,
CO1.PCCNTR.3475393,2022,Alcaldía Distrital de Barrancabermeja,Ambiguo,Sin rol,,PRESTACION DE SERVCIOS COMO APOYOA LA GESTION EN ACTIVIDADES DIRIGIDAS AL USO ADECUADO DE LOS ENTORNOS SEGUROS EN EL MARCO DEL PROYECTO APOYO A LA PROMOCION DE ENTORNOS SEGUROS PARA LA CONVIVENCIA Y SEGURIDAD CIUDADANA EN EL DISTRITO DE BARRANCABERMEJA,https://community.secop.gov.co/Public/Tendering/OpportunityDetail/Index?noticeUID=CO1.NTC.2754993&isFromPublicArea=True&isModal=true&asPopupView=true,03.v2.1,,,,,
CO1.PCCNTR.3489422,2022,Alcaldía Distrital de Barrancabermeja,Ambiguo,Sin rol,,Sin Descripcion,https://community.secop.gov.co/Public/Tendering/OpportunityDetail/Index?noticeUID=CO1.NTC.2754806&isFromPublicArea=True&isModal=true&asPopupView=true,03.v2.1,,,,,
CO1.PCCNTR.3502871,2022,Alcaldía Distrital de Barrancabermeja,Ambiguo,Sin rol,,PRESTACIÓN DE SERVICIOS DE APOYO A LA GESTION ADMINISTRATIVA Y LABORES SECRETARIALES PARA OTROS SERVICIOS PROFESIONALES; TÉCNICOS Y EMPRESARIALES N.C.P. EN DESARROLLO DEL PROYECTO PAVIMENTACIÓN Y MEJORAMIENTO VÍAS VEHICULARES EN LOS DIFERENTES SECTORES DEL DISTRITO DE BARRANCABERMEJA; SANTANDER.,https://community.secop.gov.co/Public/Tendering/OpportunityDetail/Index?noticeUID=CO1.NTC.2775457&isFromPublicArea=True&isModal=true&asPopupView=true,03.v2.1,,,,,
CO1.PCCNTR.3514849,2022,Alcaldía Distrital de Barrancabermeja,Ambiguo,Sin rol,,PRESTACIÓN DE SERVICIOS PROFEDSIONALES COMO ADMINISTRDOR DE EMPRESAS PARA APOYAR LAS DIFERENTES ACTIVIDADES DESARROLLADAS POR LA ALCADÍA DISTRITAL DE BARRANCABERMEJA EN MARCO DEL PROYECTO FORTALECIMIENTO INSTITUCIONAL Y MEJORAMIENTO CONTINUO DE LOS PROCESOS Y LAS POLÍTICAS DE GESTIÓN Y DESEMPEÑO INS,https://community.secop.gov.co/Public/Tendering/OpportunityDetail/Index?noticeUID=CO1.NTC.2785714&isFromPublicArea=True&isModal=true&asPopupView=true,03.v2.1,,,,,
CO1.PCCNTR.3523660,2022,Alcaldía Distrital de Barrancabermeja,Ambiguo,Sin rol,,PRESTAR SUS SERVICIOS EN FORMACION E INICIACION MUSICAL DE A LA POBLACION EN DESARROLLO DEL PROGRAMA DE ESCUELAS DE FORMACION ARTISTICA Y CULTURAL DE LA SECRETARIA DE CULTURA TURISMO Y PATRIMONIO DEL DISTRITO DE BARRANCABERMEJA MEDIANTE LAS ACTIVIDADES DEL PROYECTO APOYO AL DESARROLLO DE ACCIONES PA,https://community.secop.gov.co/Public/Tendering/OpportunityDetail/Index?noticeUID=CO1.NTC.2792106&isFromPublicArea=True&isModal=true&asPopupView=true,03.v2.1,,,,,
CO1.PCCNTR.3525919,2022,Alcaldía Distrital de Barrancabermeja,Ambiguo,Sin rol,,PRESTAR SUS SERVICIOS EN FORMACION E INICIACION MUSICAL DE A LA POBLACION EN DESARROLLO DEL PROGRAMA DE ESCUELAS DE FORMACION ARTISTICA Y CULTURAL DE LA SECRETARIA DE CULTURA TURISMO Y PATRIMONIO DEL DISTRITO DE BARRANCABERMEJA MEDIANTE LAS ACTIVIDADES DEL PROYECTO APOYO AL DESARROLLO DE ACCIONES PA,https://community.secop.gov.co/Public/Tendering/OpportunityDetail/Index?noticeUID=CO1.NTC.2793415&isFromPublicArea=True&isModal=true&asPopupView=true,03.v2.1,,,,,
CO1.PCCNTR.3526014,2022,Alcaldía Distrital de Barrancabermeja,Ambiguo,Sin rol,,"PRESTAR SUS SERVICIOS EN FORMACION E INICIACION MUSICAL DE A LA POBLACION EN DESARROLLO DEL PROGRAMA DE ESCUELAS DE FORMACION ARTISTICA Y CULTURAL DE LA SECRETARIA DE CULTURA TURISMO Y PATRIMONIO
DEL DISTRITO DE BARRANCABERMEJA MEDIANTE LAS ACTIVIDADES DEL PROYECTO APOYO AL DESARROLLO DE ACCIONES PA",https://community.secop.gov.co/Public/Tendering/OpportunityDetail/Index?noticeUID=CO1.NTC.2793541&isFromPublicArea=True&isModal=true&asPopupView=true,03.v2.1,,,,,
CO1.PCCNTR.3545354,2022,Alcaldía Distrital de Barrancabermeja,Ambiguo,Sin rol,,PRESTACIN DE SERVICIOS DE APOYOA LA GESTION PARA ACOMPAÑAR LAS ACTIVIDADES DESARROLLADAS POR LA ALCALDIA DISTRITAL DE BARRANCABERMEJA EN MARCO DEL PROYECTO FORTALECIMIENTO INSTITUCIONAL Y MEJORAMIENTO CONTINUO DE LOS PROCESOS Y LAS POLITICAS DE GESTION Y DESEMPEÑO INSTITUCIONAL DE LA ALCALDIA DISTRI,https://community.secop.gov.co/Public/Tendering/OpportunityDetail/Index?noticeUID=CO1.NTC.2808436&isFromPublicArea=True&isModal=true&asPopupView=true,03.v2.1,,,,,
CO1.PCCNTR.3553897,2022,Alcaldía Distrital de Barrancabermeja,Ambiguo,Sin rol,,PRESTACIÓN DE SERVICIOS PROFESIOANLES COMO ADMINISTRADOR DE EMPRESA PARA APOYAR LAS DIFERENTES ACTIVIDADES DESARROLLADAS POR LA ALCALDÍA DISTRITAL DE BARRANCABERMEJA,https://community.secop.gov.co/Public/Tendering/OpportunityDetail/Index?noticeUID=CO1.NTC.2816327&isFromPublicArea=True&isModal=true&asPopupView=true,03.v2.1,,,,,
CO1.PCCNTR.3555403,2022,Alcaldía Distrital de Barrancabermeja,Ambiguo,Sin rol,,PRESTACIÓN DE SERVICIOS DE POYO A LA GESTIÓN PARA ACOMPAÑAR LAS ACTIVIDADES DESARROLLADAS POR LA ALCALDÍA DISTRITAL DE BARRANCABERMEJA EN MARCO DEL PROYECTO FORTALECIMIENTO INSTITUCIONAL Y MEJORAMIENTO CONTINUO DE LOS PROCESOS Y LAS POLÍTICAS DE GESTIÓN Y DESEMPEÑO INSTITUCIONAL DE LA ALCALDÍA DISTR,https://community.secop.gov.co/Public/Tendering/OpportunityDetail/Index?noticeUID=CO1.NTC.2816888&isFromPublicArea=True&isModal=true&asPopupView=true,03.v2.1,,,,,
CO1.PCCNTR.3879238,2022,Alcaldía Distrital de Barrancabermeja,Ambiguo,Sin rol,,PRESTACION DE SERVICIOS DE APOYO A LA GESTION ADMINISTRATIVA Y LABORES SECRETARIALES PARA OTROS SERVICIOS PROFESIONALES; TECNICOS Y EMPRESARIALES N.C.P. EN DESARROLLO DEL PROYECTO PAVIMENTACION Y MEJORAMIENTO VIAS VEHICULARES EN LOS DIFERENTES SECTORES DEL DISTRITO DE BARRANCABERMEJA; SANTANDER,https://community.secop.gov.co/Public/Tendering/OpportunityDetail/Index?noticeUID=CO1.NTC.3108275&isFromPublicArea=True&isModal=true&asPopupView=true,03.v2.1,,,,,
CO1.PCCNTR.3904569,2022,Alcaldía Distrital de Barrancabermeja,Ambiguo,Sin rol,,PRESTACION DE SERVICIOS COMO APOYO A LA GESTION DE TOPOGRAFIA PARA OTROS SERVICIOS PROFESIONALES; TECNICOS Y EMPRESARIALES EN DESARROLLO DEL PROYECTO PAVIMENTACION Y MEJORAMIENTO VIAS VEHICULARES EN LOS DIFERENTES SECTORES DEL DISTRITO DE BARRANCABERMEJA; SANTANDER,https://community.secop.gov.co/Public/Tendering/OpportunityDetail/Index?noticeUID=CO1.NTC.3136048&isFromPublicArea=True&isModal=true&asPopupView=true,03.v2.1,,,,,
CO1.PCCNTR.3906628,2022,Alcaldía Distrital de Barrancabermeja,Ambiguo,Sin rol,,PRESTACIÓN DE SERVICIOS COMO APOYO A LA GESTIÓN DE TOPOGRAFÍA PARA OTROS SERVICIOS PROFESIONALES; TÉCNICOS Y EMPRESARIALES EN DESARROLLO DEL PROYECTO PAVIMENTACIÓN Y MEJORAMIENTO VÍAS VEHICULARES EN LOS DIFERENTES SECTORES DEL DISTRITO DE BARRANCABERMEJA; SANTANDER,https://community.secop.gov.co/Public/Tendering/OpportunityDetail/Index?noticeUID=CO1.NTC.3138458&isFromPublicArea=True&isModal=true&asPopupView=true,03.v2.1,,,,,
CO1.PCCNTR.3935315,2022,Alcaldía Distrital de Barrancabermeja,Ambiguo,Sin rol,,PRESTACIÓN DE SERVICIOS COMO APOYO A LA GESTIÓN DE TOPOGRAFÍA PARA OTROS SERVICIOS PROFESIONALES; TÉCNICOS Y EMPRESARIALES EN DESARROLLO DEL PROYECTO PAVIMENTACIÓN Y MEJORAMIENTO VÍAS VEHICULARES EN LOS DIFERENTES SECTORES DEL DISTRITO DE BARRANCABERMEJA; SANTANDER,https://community.secop.gov.co/Public/Tendering/OpportunityDetail/Index?noticeUID=CO1.NTC.3170505&isFromPublicArea=True&isModal=true&asPopupView=true,03.v2.1,,,,,
CO1.PCCNTR.3937659,2022,Alcaldía Distrital de Barrancabermeja,Ambiguo,Sin rol,,PRESTACIÓN DE SERVICIOS PROFESIONALES COMO COMUNICADORA CON ENFASIS ORGANIZACIONAL PARA  APOYAR TODOS LOS TRAMITES ADMINISTRATIVOS QUE SE GESTIONAN DESDE LA SECRETARÍA DE RECURSO FÍSICO DEL DISTRITO DE BARRANCABERMEJA  EN EL MARCO DEL FORTALECIMIENTO INSTITUCIONAL PARA EL APOYO A LA GESTIÓN ADMINIST,https://community.secop.gov.co/Public/Tendering/OpportunityDetail/Index?noticeUID=CO1.NTC.3173903&isFromPublicArea=True&isModal=true&asPopupView=true,03.v2.1,,,,,
CO1.PCCNTR.3942772,2022,Alcaldía Distrital de Barrancabermeja,Ambiguo,Sin rol,,PRESTACIÓN DE SERVICIOS COMO APOYO A LA GESTIÓN DE TOPOGRAFÍA PARA OTROS SERVICIOS PROFESIONALES; TÉCNICOS Y EMPRESARIALES EN DESARROLLO DEL PROYECTO PAVIMENTACIÓN Y MEJORAMIENTO VÍAS VEHICULARES EN LOS DIFERENTES SECTORES DEL DISTRITO DE BARRANCABERMEJA; SANTANDER,https://community.secop.gov.co/Public/Tendering/OpportunityDetail/Index?noticeUID=CO1.NTC.3179667&isFromPublicArea=True&isModal=true&asPopupView=true,03.v2.1,,,,,
CO1.PCCNTR.3953330,2022,Alcaldía Distrital de Barrancabermeja,Ambiguo,Sin rol,,PRESTACIÓN DE SERVICIOS PROFESIONALES COMO GEOGRAFO PARA BRINDAR APOYO EN LOS PROCESOS DE ELABORACIÓN; REVISION Y SEGUIMIENTO A LOS SISTEMAS DE GESTION GEOGRAFICA DENTRO DEL PROYECTO DE APOYO A LA GESTIÓN TÉCNICA Y PROFESIONAL DEL SECTOR AMBIENTAL EN LA VIGENCIA 2022 EN EL DISTRITO DE BARRANCABERMEJ,https://community.secop.gov.co/Public/Tendering/OpportunityDetail/Index?noticeUID=CO1.NTC.3191824&isFromPublicArea=True&isModal=true&asPopupView=true,03.v2.1,,,,,
CO1.PCCNTR.3959648,2022,Alcaldía Distrital de Barrancabermeja,Ambiguo,Sin rol,,PRESTACION DE SERVICIOS COMO PRODUCTORA AUDIOVISUAL PARA APOYAR LA ELABORACIÓN DE PIEZAS QUE REQUIERA LA SECRETARIA DE EDUCACION EN DESARROLLO DEL PROYECTO APOYO PARA FOMENTAR EL ACCESO A LA EDUCACIÓN SUPERIOR CON INCLUSIÓN CON BECAS QUE CAMBIAN VIDAS EN EL DISTRITO DE BARRANCABERMEJA; SANTANDER,https://community.secop.gov.co/Public/Tendering/OpportunityDetail/Index?noticeUID=CO1.NTC.3199139&isFromPublicArea=True&isModal=true&asPopupView=true,03.v2.1,,,,,
CO1.PCCNTR.3998903,2022,Alcaldía Distrital de Barrancabermeja,Ambiguo,Sin rol,,Sin Descripcion,https://community.secop.gov.co/Public/Tendering/OpportunityDetail/Index?noticeUID=CO1.NTC.3245641&isFromPublicArea=True&isModal=true&asPopupView=true,03.v2.1,,,,,
CO1.PCCNTR.4004934,2022,Alcaldía Distrital de Barrancabermeja,Ambiguo,Sin rol,,PRESTAR SERVICIOS COMO TECNOLOGÍA EN INFORMÁTICA O AFINES PARA APOYAR LA ESTRATEGIA EN LA DISMINUCIÓN DE BRECHA DIGITAL EN EL PROGRAMA BARRANCABERMEJA INNOVACIÓN Y TECNOLOGÍA - BIT. DEL PROYECTO FORTALECIMIENTO INSTITUCIONAL DEL SECTOR PUBLICO DE TECNOLOGÍAS Y COMUNICACIÓN DEL DISTRITO VIGENCIA 202,https://community.secop.gov.co/Public/Tendering/OpportunityDetail/Index?noticeUID=CO1.NTC.3254531&isFromPublicArea=True&isModal=true&asPopupView=true,03.v2.1,,,,,
CO1.PCCNTR.4017686,2022,Alcaldía Distrital de Barrancabermeja,Ambiguo,Sin rol,,Sin Descripcion,https://community.secop.gov.co/Public/Tendering/OpportunityDetail/Index?noticeUID=CO1.NTC.3270140&isFromPublicArea=True&isModal=true&asPopupView=true,03.v2.1,,,,,
CO1.PCCNTR.4025104,2022,Alcaldía Distrital de Barrancabermeja,Ambiguo,Sin rol,,PRESTACION DE SERVICIOS DE APOYO A LA GESTION PARA OTROS SERVICIOS PROFESIONALES; TECNICOS Y EMPRESARIALES EN DESARROLLO DEL PROYECTO PAVIMENTACION Y MEJORAMIENTO VIAS VEHICULARES EN LOS DIFERENTES SECTORES DEL DISTRITO DE BARRANCABERMEJA; SANTANDER,https://community.secop.gov.co/Public/Tendering/OpportunityDetail/Index?noticeUID=CO1.NTC.3278255&isFromPublicArea=True&isModal=true&asPopupView=true,03.v2.1,,,,,
CO1.PCCNTR.4034499,2022,Alcaldía Distrital de Barrancabermeja,Ambiguo,Sin rol,,PRESTACIÓN DE SERVICIOS COMO A LA GESTIÓN; EN DESARROLLO DEL PROYECTO AL PROCESO DE ESTRATIFICACIÓN EN EL DISTRITO DE BARRANCABERMEJA; SANTANDER.,https://community.secop.gov.co/Public/Tendering/OpportunityDetail/Index?noticeUID=CO1.NTC.3289781&isFromPublicArea=True&isModal=true&asPopupView=true,03.v2.1,,,,,
CO1.PCCNTR.4041802,2022,Alcaldía Distrital de Barrancabermeja,Ambiguo,Sin rol,,PRESTACIÓN DE SERVICIOS COMO APOYO A LA GESTÓN; EN DESARROLLO DEL PROYECTO FORTALECIMIENTO AL FUNCIONAMIENTO DEL SISBEN EN EL DISTRITO DE BARRANCABERMEJA; SANTANDER.,https://community.secop.gov.co/Public/Tendering/OpportunityDetail/Index?noticeUID=CO1.NTC.3298317&isFromPublicArea=True&isModal=true&asPopupView=true,03.v2.1,,,,,
CO1.PCCNTR.4049529,2022,Alcaldía Distrital de Barrancabermeja,Ambiguo,Sin rol,,PRESTACIÓN DE SERVICIOS PROFESIONALES UNIVERSITARIOS EN COMERCIO EXTERIOR; PARA BRINDAR APOYO Y ACOMPAÑAMIENTO EN LOS PROCESOS DE PLANEACION; MEJORA Y SEGUIMIENTO DE LAS ACTIVIDADES ESTABLECIDAS DENTRO DEL PROYECTO DE APOYO A LA GESTIÓN TÉCNICA Y PROFESIONAL DEL SECTOR AMBIENTALEN LA VIGENCIA 2022 E,https://community.secop.gov.co/Public/Tendering/OpportunityDetail/Index?noticeUID=CO1.NTC.3308073&isFromPublicArea=True&isModal=true&asPopupView=true,03.v2.1,,,,,
CO1.PCCNTR.4050530,2022,Alcaldía Distrital de Barrancabermeja,Ambiguo,Sin rol,,APOYAR TÉCNICAMENTE DESDE DESDE SU PERFIL LAS CAPACITACIONES Y DEMÁS ACTIVIDADES PARA EL FORTALECIMIENTO EMPRESARIAL REALIZADAS DESDE EL FORCAP Y DEL DISTRITO DE BARRANCABERMEJA,https://community.secop.gov.co/Public/Tendering/OpportunityDetail/Index?noticeUID=CO1.NTC.3309824&isFromPublicArea=True&isModal=true&asPopupView=true,03.v2.1,,,,,
CO1.PCCNTR.4066062,2022,Alcaldía Distrital de Barrancabermeja,Ambiguo,Sin rol,,PRESTACION DE SERVICIOS PROFESIONALES EN EL AREA AMBIENTAL PARA APOYAR Y ACOMPAÑAR LAS ACTIVIDADES RELACIONADAS CON LOS PROCESOS MISIONALES DE LA SECRETARIA DE MEDIO AMBIENTE DENTRO DEL PROYECTO DE APOYO A LA GESTION TECNICA Y PROFESIONAL DEL SECTOR AMBIENTAL EN LA VIGENCIA 2022 EN EL DISTRITO DE BA,https://community.secop.gov.co/Public/Tendering/OpportunityDetail/Index?noticeUID=CO1.NTC.3328319&isFromPublicArea=True&isModal=true&asPopupView=true,03.v2.1,,,,,
CO1.PCCNTR.4072122,2022,Alcaldía Distrital de Barrancabermeja,Ambiguo,Sin rol,,PRESTAR SUS SERVICIOS EN FORMACION E INICIACION MUSICAL DE A LA POBLACION EN DESARROLLO DEL PROGRAMA DE ESCUELAS DE FORMACION ARTISTICA Y CULTURAL DE LA SECRETARIA DE CULTURA; TURISMO Y PATRIMONIO DEL DISTRITO DE BARRANCABERMEJA MEDIANTE LAS ACTIVIDADES DEL PROYECTO EN MARCO DEL PROYECTO APOYO Y FOR,https://community.secop.gov.co/Public/Tendering/OpportunityDetail/Index?noticeUID=CO1.NTC.3334978&isFromPublicArea=True&isModal=true&asPopupView=true,03.v2.1,,,,,
CO1.PCCNTR.4092679,2022,Alcaldía Distrital de Barrancabermeja,Ambiguo,Sin rol,,PRESTAR SUS SERVICIOS EN FORMACION E INICIACION MUSICAL DE A LA POBLACION EN DESARROLLO DEL PROGRAMA DE ESCUELAS DE FORMACION ARTISTICA Y CULTURAL DE LA SECRETARIA DE CULTURA; TURISMO Y PATRIMONIO DEL DISTRITO DE BARRANCABERMEJA MEDIANTE LAS ACTIVIDADES DEL PROYECTO APOYO Y FORTALECIMIENTO DE ESPACI,https://community.secop.gov.co/Public/Tendering/OpportunityDetail/Index?noticeUID=CO1.NTC.3362756&isFromPublicArea=True&isModal=true&asPopupView=true,03.v2.1,,,,,
CO1.PCCNTR.4155024,2022,Alcaldía Distrital de Barrancabermeja,Ambiguo,Sin rol,,PRESTAR SUS SERVICIOS EN FORMACION E INICIACION MUSICAL DE A LA POBLACION EN DESARROLLO DEL PROGRAMA DE ESCUELAS DE FORMACION ARTISTICA Y CULTURAL DE LA SECRETARIA DE CULTURA; TURISMO Y PATRIMONIO DEL DISTRITO DE BARRANCABERMEJA MEDIANTE LAS ACTIVIDADES DEL PROYECTO APOYO Y FORTALECIMIENTO DE ESPACI,https://community.secop.gov.co/Public/Tendering/OpportunityDetail/Index?noticeUID=CO1.NTC.3442019&isFromPublicArea=True&isModal=true&asPopupView=true,03.v2.1,,,,,
CO1.PCCNTR.4155322,2022,Alcaldía Distrital de Barrancabermeja,Ambiguo,Sin rol,,PRESTAR SUS SERVICIOS EN FORMACION E INICIACION MUSICAL DE A LA POBLACION EN DESARROLLO DEL PROGRAMA DE ESCUELAS DE FORMACION ARTISTICA Y CULTURAL DE LA SECRETARIA DE CULTURA; TURISMO Y PATRIMONIO DEL DISTRITO DE BARRANCABERMEJA MEDIANTE LAS ACTIVIDADES DEL PROYECTO APOYO Y FORTALECIMIENTO DE ESPACI,https://community.secop.gov.co/Public/Tendering/OpportunityDetail/Index?noticeUID=CO1.NTC.3442048&isFromPublicArea=True&isModal=true&asPopupView=true,03.v2.1,,,,,
CO1.PCCNTR.4206629,2022,Alcaldía Distrital de Barrancabermeja,Ambiguo,Sin rol,,PRESTACION DE SERVICIOS PROFESIONALES EN GESTION EMPRESARIAL PARA APOYAR LA GESTION ADMINISTRATIVA DE LA SECRETARIA DE MEDIO AMBIENTE EN EL MARCO DEL PROYECTO DE APOYO A LA GESTION TECNICA Y PROFESIONAL DEL SECTOR AMBIENTAL EN LA VIGENCIA 2022 EN EL DISTRITO DE BARRANCABERMEJA,https://community.secop.gov.co/Public/Tendering/OpportunityDetail/Index?noticeUID=CO1.NTC.3511981&isFromPublicArea=True&isModal=true&asPopupView=true,03.v2.1,,,,,
CO1.PCCNTR.4224125,2022,Alcaldía Distrital de Barrancabermeja,Ambiguo,Sin rol,,PRESTAR LOS SERVICIOS COMO APOYO EN PRODUCCION AUDIOVISUAL PARA EL FORTALECIMIENTO DE LA IMAGEN INSTITUCIONAL A TRAVES DE LA CREACIÓN Y DISEÑO DE ESTRATEGIAS INSTITUCIONALES EN EL MARCO DEL PROYECTO DE FORTALECIMIENTO DE LOS PROCESOS DE EXTENSION AGROPECUARIA Y ASISTENCIA TECNICA A LOS PESCADORES AR,https://community.secop.gov.co/Public/Tendering/OpportunityDetail/Index?noticeUID=CO1.NTC.3533910&isFromPublicArea=True&isModal=true&asPopupView=true,03.v2.1,,,,,
CO1.PCCNTR.4226953,2022,Alcaldía Distrital de Barrancabermeja,Ambiguo,Sin rol,,PRESTACION DE SERVICIO PROFESIONAL COMO MAESTRA AUDIOVISUAL; PARA PRODUCCION Y POSTPRODUCCION DE NOTICIAS; VIDEOS INSTITUCIONALES Y CAMPAÑAS QUE LA SECRETARIA DE AGRICULTURA PESCA Y DESARROLLO RURAL REALICE PARA EL FORTALECIMIENTO DE LA IMAGEN VISUAL EN EL MARCO DEL PROYECTO DE FORTALECIMIENTO DE LO,https://community.secop.gov.co/Public/Tendering/OpportunityDetail/Index?noticeUID=CO1.NTC.3537772&isFromPublicArea=True&isModal=true&asPopupView=true,03.v2.1,,,,,
CO1.PCCNTR.3316704,2022,Alcaldía Distrital de Barrancabermeja,Apoyo a la gestión,Sin rol,,PRESTACION DE SERVICIOS DE APOYO A LA GESTION COMO JUDICANTE PARA APOYAR EL GRUPO DEFENSA JUDICIAL DE LA SECRETARIA JURIDICA; EN DESARROLLO DEL PROYECTO FORTALECIMIENTO TECNICO; JURIDICO Y ADMINISTRATIVO DE LA SECRETARIA JURIDICA DEL DISTRITO DE BARRANCABERMEJA.,https://community.secop.gov.co/Public/Tendering/OpportunityDetail/Index?noticeUID=CO1.NTC.2624945&isFromPublicArea=True&isModal=true&asPopupView=true,03.v2.1,,,,,
CO1.PCCNTR.3340969,2022,Alcaldía Distrital de Barrancabermeja,Apoyo a la gestión,Sin rol,,PRESTACION DE SERVICIOS COMO APOYO A LA GESTION PARA BRINDAR APOYO EN EL MANTENIMIENTO PREVENTIVO Y CORRECTIVO QUE SE REALIZA DESDE EL GRUPO DE TALLER DE LA SECRETARIA DE INFRAESTRUCTURA EN DESARROLLO DEL PROYECTO DE FORTALECIMIENTO INSTITUCIONAL Y MEJORAMIENTO CONTINUO DE LOS PROCESOS Y LAS POLITIC,https://community.secop.gov.co/Public/Tendering/OpportunityDetail/Index?noticeUID=CO1.NTC.2644714&isFromPublicArea=True&isModal=true&asPopupView=true,03.v2.1,,,,,
CO1.PCCNTR.3369153,2022,Alcaldía Distrital de Barrancabermeja,Apoyo a la gestión,Sin rol,,ADICIONAL No. 1 EN VALOR Y TIEMPO DEL CONTRATO 0646-22 CUYO OBJETO ES: PRESTAR SUS SERVICIOS DE APOYO A LA GESTIÓN PARA A ELABORACIÓN DE PIEZAS INFORMATIVAS DESDE LA OFICINA ASESORA DE PRENSA Y PROTOCOLO DEL DISTRITO DE BARRANCABERMEJA; EN EL MARCO DEL PROYECTO FORTALECIMIENTO DE LA ESTRATEGIA DE CO,https://community.secop.gov.co/Public/Tendering/OpportunityDetail/Index?noticeUID=CO1.NTC.2668669&isFromPublicArea=True&isModal=true&asPopupView=true,03.v2.1,,,,,
CO1.PCCNTR.3386956,2022,Alcaldía Distrital de Barrancabermeja,Apoyo a la gestión,Sin rol,,PRESTAR SERVICIOS COMO APOYO A LA GESTION PARA APOYAR LA EJECUCION DEL DISTRITO EN TEMAS DE CONVIVENCIA Y SEGURIDAD CIUDADANA EN EL MARCO DEL PROYECTO APOYO A LA PROMOCIÓN DE ENTORNOS SEGUROS PARA LA CONVIVENCIA Y SEGURIDAD CIUDADANA EN EL DISTRITO DE BARRANCABERMEJA.,https://community.secop.gov.co/Public/Tendering/OpportunityDetail/Index?noticeUID=CO1.NTC.2683349&isFromPublicArea=True&isModal=true&asPopupView=true,03.v2.1,,,,,
CO1.PCCNTR.3411568,2022,Alcaldía Distrital de Barrancabermeja,Apoyo a la gestión,Sin rol,,PRESTACIÓN DE SERVICIOS DE APOYO A LA GESTIÓN; PARA APOYAR LAS ACCIONES DE LA DIMENSIÒN GESTIÓN DIFERENCIAL DE POBLACIONES VULNERABLES DEL PDSP; EN DESARROLLO DEL PROYECTO IMPLEMENTACIÓN DE ACCIONES DE PROMOCIÓN Y PARTICIPACIÓN SOCIAL EN POBLACIONES VULNERABLES DEL DISTRITO DE BARRANCABERMEJA; DEPAR,https://community.secop.gov.co/Public/Tendering/OpportunityDetail/Index?noticeUID=CO1.NTC.2704516&isFromPublicArea=True&isModal=true&asPopupView=true,03.v2.1,,,,,
CO1.PCCNTR.3504482,2022,Alcaldía Distrital de Barrancabermeja,Apoyo a la gestión,Apoyo a la gestión,,PRESTAR SUS SERVICIOS DE APOYO A LA GESTION COMO FORMADOR EN EL AREA DE DANZA FOLCLORICA EN MARCO DEL PROGRAMA DE ESCUELAS DE FORMACION ARTISTICA Y CULTURAL DE LA SECRETARIA DE CULTURA TURISMO Y PATRIMONIO EN EL AMBITO DE LAS ACTIVIDADES DEL PROYECTO APOYO AL DESARROLLO DE ACCIONES PARA IMPLEMENTAR,https://community.secop.gov.co/Public/Tendering/OpportunityDetail/Index?noticeUID=CO1.NTC.2777003&isFromPublicArea=True&isModal=true&asPopupView=true,03.v2.1,,,,,
CO1.PCCNTR.3507367,2022,Alcaldía Distrital de Barrancabermeja,Apoyo a la gestión,Sin rol,,PRESTACION DE SERVICIOS COMO APOYO A LA GESTION EN ACTIVIDADES DIRIGIDAS AL USO ADECUADO DE LOS ENTORNOS SEGUROS EN EL MARCO DEL PROYECTO APOYO A LA PROMOCION DE ENTORNOS SEGUROS PARA LA CONVIVENCIA Y SEGURIDAD CIUDADANA EN EL DISTRITO DE BARRANCABERMEJA,https://community.secop.gov.co/Public/Tendering/OpportunityDetail/Index?noticeUID=CO1.NTC.2779632&isFromPublicArea=True&isModal=true&asPopupView=true,03.v2.1,,,,,
CO1.PCCNTR.3510084,2022,Alcaldía Distrital de Barrancabermeja,Apoyo a la gestión,Sin rol,obra,PRESTACION DE SERVICIOS COMO APOYO A LA GESTION PARA APOYAR DESDE SU CONOCIMIENTO EN EL MANTENIMIENTO DE REDES Y SISTEMAS ELECTRICOS EN LAS LABORES DESARROLLADAS POR EL GRUPO DE CONSTRUCCION DE LA SECRETARIA DE INFRAESTRUCTURA EN DESARROLLO DEL PROYECTO FORTALECIMIENTO INSTITUCIONAL Y MEJORAMIENTO C,https://community.secop.gov.co/Public/Tendering/OpportunityDetail/Index?noticeUID=CO1.NTC.2781951&isFromPublicArea=True&isModal=true&asPopupView=true,03.v2.1,,,,,
CO1.PCCNTR.3555878,2022,Alcaldía Distrital de Barrancabermeja,Apoyo a la gestión,Sin rol,,PRESTACION DE SERVICIOS DE APOYO A LA GESTION PARA ACOMPAÑAR LAS ACTIVIDADES DESARROLLADAS POR LA ALCALDIA DISTRITAL DE BARRANCABERMEJA EN MARCO DEL PROYECTO DE FORTALECIMIENTO INSTITUCIONAL Y MEJORAMIENTO CONTINUO DE LOS PROCESOS Y LAS POLÍTICAS DE GESTIÓN Y DESEMPEÑO INSTITUCIONAL DE LA ALCALDÍA D,https://community.secop.gov.co/Public/Tendering/OpportunityDetail/Index?noticeUID=CO1.NTC.2817925&isFromPublicArea=True&isModal=true&asPopupView=true,03.v2.1,,,,,
CO1.PCCNTR.4019554,2022,Alcaldía Distrital de Barrancabermeja,Apoyo a la gestión,Sin rol,,PRESTAR SERVICIOS COMO APOYO A LA GESTION PARA ATENDER LAS ACTIVIDADES DESARROLLADAS DESDE EL GRUPO DE VENTANILLA UNICA; SUBGRUPO ATENCION CONVENCIONAL DE LA OFICINA DE RELACION CON EL CIUDADANO DEL DISTRITO DE BARRANCABERMEJA EN EL MARCO DEL PROYECTO FORTALECIMIENTO INSTITUCIONAL Y MEJORAMIENTO CON,https://community.secop.gov.co/Public/Tendering/OpportunityDetail/Index?noticeUID=CO1.NTC.3271399&isFromPublicArea=True&isModal=true&asPopupView=true,03.v2.1,,,,,
CO1.PCCNTR.4044168,2022,Alcaldía Distrital de Barrancabermeja,Apoyo a la gestión,Sin rol,,PRESTACIÓN DE SERVICIOS COMO APOYO A LA GESTIÓN PARA APOYAR AL DISTRITO EN TEMAS DE CONVIVENCIA Y SEGURIDAD CIUDADANA EN EL MARCO DEL PROYECTO APOYO A LA PROMOCIÓN DE ENTORNOS SEGUROS PARA LA CONVIVENCIA Y SEGURIDAD CIUDADANA EN EL DISTRITO DE BARRANCABERMEJA,https://community.secop.gov.co/Public/Tendering/OpportunityDetail/Index?noticeUID=CO1.NTC.3301284&isFromPublicArea=True&isModal=true&asPopupView=true,03.v2.1,,,,,
CO1.PCCNTR.4073800,2022,Alcaldía Distrital de Barrancabermeja,Apoyo a la gestión,Apoyo a la gestión,,CONTRATO DE PRESTACIÓN DE SERVICIO DE APOYA A LA GESTIÓN EN LA DEPURACIÓN DEL PASIVO PENSIONAL DOCENTE DESDE LA SECRETARIA DE EDUCACIÓN DEL DISTRITO DE BARRANCABEREMEJA-SANTANDER,https://community.secop.gov.co/Public/Tendering/OpportunityDetail/Index?noticeUID=CO1.NTC.3338330&isFromPublicArea=True&isModal=true&asPopupView=true,03.v2.1,,,,,
CO1.PCCNTR.4124254,2022,Alcaldía Distrital de Barrancabermeja,Apoyo a la gestión,Sin rol,,PRESTACIÓN DE SERVICIOS DE APOYO A LA GESTIÓN; PARA FORTALECER LOS TEMAS ADMINISTRATIVOS; ARCHIVÍSTICOS Y DE GESTIÓN DOCUMENTAL DE LA SECRETARIA DE EMPRESA EMPLEO Y EMPRENDIMIENTO DE LA ALCALDÍA DISTRITAL DE BARRANCABERMEJA.,https://community.secop.gov.co/Public/Tendering/OpportunityDetail/Index?noticeUID=CO1.NTC.3403772&isFromPublicArea=True&isModal=true&asPopupView=true,03.v2.1,,,,,
CO1.PCCNTR.4251936,2022,Alcaldía Distrital de Barrancabermeja,Apoyo a la gestión,Sin rol,,PRESTACION DE SERVICIOS DE APOYO A LA GESTION PARA REALIZAR ACTIVIDADES DE DISEÑO GRÁFICO PARA DIFUSIÓN SOBRE TODOS LAS ACTIVIDADES QUE SE GENEREN DESDE LA SECRETARÍA DE CULTURA; TURISMO Y PATRIMONIO DEL DISTRITO DE BARRANCABERMEJA,https://community.secop.gov.co/Public/Tendering/OpportunityDetail/Index?noticeUID=CO1.NTC.3570555&isFromPublicArea=True&isModal=true&asPopupView=true,03.v2.1,,,,,
CO1.PCCNTR.4266170,2022,Alcaldía Distrital de Barrancabermeja,Apoyo a la gestión,Sin rol,,PRESTACIÓN DE SERVICIOS DE APOYO A LA GESTIÓN PARA ATENDER LAS ACTIVIDADES DESARROLLADAS DESDE EL GRUPO DE ATENCIÓN VIRTUAL SUB GRUPO DOZZIER; Y EL GRUPO VENTANILLA ÚNICA SUB GRUPO ATENCIÓN CONVENCIONAL DE LA OFICINA DE RELACIÓN CON EL CIUDADANO EN DESARROLLO DEL PROYECTO DE FORTALECIMIENTO INSTITUC,https://community.secop.gov.co/Public/Tendering/OpportunityDetail/Index?noticeUID=CO1.NTC.3585164&isFromPublicArea=True&isModal=true&asPopupView=true,03.v2.1,,,,,
CO1.PCCNTR.4270524,2022,Alcaldía Distrital de Barrancabermeja,Apoyo a la gestión,Sin rol,,PRESTACION DE SERVICIOS DE APOYO A LA GESTION PARA ACOMPAÑAR LOS DIFERENTES PROCESOS ADMINISTRATIVOS DESARROLLADOS DESDE LA SUBSECRETARIA DE SEGURIDAD CIUDADANA EN DESARROLLO DEL PROYECTO DE FORTALECIMIENTO INSTITUCIONAL Y MEJORAMIENTO CONTINUO DE LOS PROCESOS Y LAS POLITICAS DE GESTION Y DESEMPEÑO,https://community.secop.gov.co/Public/Tendering/OpportunityDetail/Index?noticeUID=CO1.NTC.3589410&isFromPublicArea=True&isModal=true&asPopupView=true,03.v2.1,,,,,
CO1.PCCNTR.3462274,2022,Alcaldía Distrital de Barrancabermeja,Profesional,Profesional,,PRESTAR SERVICIOS PROFESIONALES COMO LICENCIADA CON EXPERIENCIA EN ATENCION ESPECIAL DE LAS PERSONAS CON DISCAPACIDAD PARA DESARROLLAR ACCIONES DE FORMACION EN RELACION CON LA VALORACION DE LA CAPACIDAD LEGAL DE LAS PERSONAS EN SITUACION DE DISCAPACIDAD,https://community.secop.gov.co/Public/Tendering/OpportunityDetail/Index?noticeUID=CO1.NTC.2743939&isFromPublicArea=True&isModal=true&asPopupView=true,03.v2.1,,,,,
CO1.PCCNTR.3466028,2022,Alcaldía Distrital de Barrancabermeja,Profesional,Profesional,,PRESTAR LOS SERVICIOS PROFESIONALES COMO INGENIERO INDUSTRIAL PARA ACOMPAÑAR EL DISEÑO Y APLICACION DE LAS ESTRATEGIAS DERIVADAS DEL PROYECTO APOYO PARA LA IMPLEMENTACION DEL PROGRAMA JOVENES EXPERIENCIA CERO,https://community.secop.gov.co/Public/Tendering/OpportunityDetail/Index?noticeUID=CO1.NTC.2746920&isFromPublicArea=True&isModal=true&asPopupView=true,03.v2.1,,,,,
CO1.PCCNTR.3498967,2022,Alcaldía Distrital de Barrancabermeja,Profesional,Profesional,obra,PRESTACION DE SERVICIOS PROFESIONALES COMO ARQUITECTO EN GESTIÓN TÉCNICA; SEGUIMIENTO Y OPERATIVA PARA LOS SERVICIOS GENERALES DE CONSTRUCCIÓN DE CARRETERAS (EXCEPTO CARRETERAS ELEVADAS); CALLES EN DESARROLLO DEL PROYECTO PAVIMENTACIÓN Y MEJORAMIENTO VIAS VEHICULARES EN LOS DIFERENTES SECTORES DEL D,https://community.secop.gov.co/Public/Tendering/OpportunityDetail/Index?noticeUID=CO1.NTC.2770403&isFromPublicArea=True&isModal=true&asPopupView=true,03.v2.1,,,,,
CO1.PCCNTR.3525384,2022,Alcaldía Distrital de Barrancabermeja,Profesional,Sin rol,,PRESTACION DE SERVICIOS PROFESIONALES COMO PRODUCTOR AUDIOVISUAL PARA APOYAR LAS DIFERENTES ACTIVIDADES DESARROLLADAS POR LA ALCALDIA DISTRITAL DE BARRANCABERMEJA .,https://community.secop.gov.co/Public/Tendering/OpportunityDetail/Index?noticeUID=CO1.NTC.2793247&isFromPublicArea=True&isModal=true&asPopupView=true,03.v2.1,,,,,
CO1.PCCNTR.3557266,2022,Alcaldía Distrital de Barrancabermeja,Profesional,Profesional,,PRESTACION DE SERVICIOS PROFESIONALES COMO PSICOLOGA PARA APOYAR LAS DIFERENTES ACTIVIDADES DESARROLLADAS POR LA ALCALDIA DISTRITAL DE BARRANCABERMEJA EN MARCO DEL PROYECTO FORTALECIMIENTO INSTITUCIONAL Y MEJORAMIENTO CONTINUO DE LOS PROCESOS Y LAS POLÍTICAS DE GESTIÓN Y DESEMPEÑO INSTITUCIONAL DE L,https://community.secop.gov.co/Public/Tendering/OpportunityDetail/Index?noticeUID=CO1.NTC.2819151&isFromPublicArea=True&isModal=true&asPopupView=true,03.v2.1,,,,,
CO1.PCCNTR.3809360,2022,Alcaldía Distrital de Barrancabermeja,Profesional,Profesional,,PRESTACIÓN DE SERVICIOS PROFESIONALES COMO INGENIERA INDUSTRIAL PARA EL FORTALECIMIENTO AL PROYECTO IMPLEMENTACIÓN DE ACCIONES DE LA POLÍTICA PÚBLICA DE FAMILIAS EN EL DISTRITO DE BARRANCABERMEJA,https://community.secop.gov.co/Public/Tendering/OpportunityDetail/Index?noticeUID=CO1.NTC.3037986&isFromPublicArea=True&isModal=true&asPopupView=true,03.v2.1,,,,,
CO1.PCCNTR.3852730,2022,Alcaldía Distrital de Barrancabermeja,Profesional,Profesional,,PRESTACIÓN DE SERVICIOS PROFESIONALES COMO INGENIERA AMBIENTAL PARA LA REVISIÓN Y FORMULACIÓN DE LOS DIFERENTES PROYECTOS DE INVERSIÓN DEL DISTRITO DE BARRANCABERMEJA,https://community.secop.gov.co/Public/Tendering/OpportunityDetail/Index?noticeUID=CO1.NTC.3077837&isFromPublicArea=True&isModal=true&asPopupView=true,03.v2.1,,,,,
CO1.PCCNTR.3882675,2022,Alcaldía Distrital de Barrancabermeja,Profesional,Sin rol,,PRESTACIÓN DE SERVICIOS PROFESIONALES COMO ENFERMERA; ESPECIALISTA EN GERENCIA EN SERVICIOS DE SALUD; PARA BRINDAR APOYO Y FORTALECER LAS ACCIONES Y/O ACTIVIDADES DEL COMPONENTE ENFERMEDADES INMUNOPREVENIBLES; DE LA DIMENSIÓN VIDA SALUDABLE Y ENFERMEDADES TRANSMISIBLES DEL PDSP; EN DESARROLLO DEL PR,https://community.secop.gov.co/Public/Tendering/OpportunityDetail/Index?noticeUID=CO1.NTC.3112482&isFromPublicArea=True&isModal=true&asPopupView=true,03.v2.1,,,,,
CO1.PCCNTR.3971977,2022,Alcaldía Distrital de Barrancabermeja,Profesional,Profesional,,PRESTACION DE  SERVICIOS PROFESIONALES COMO INGENIERA AGRONOMA ESPECIALISTA EN PREVENCION; REDUCCION Y ATENCION DE DESASTRES; PARA EL DESARROLLO DEL PROYECTO APOYO PARA EL FORTALECIMIENTO DE LAS ESTRATEGIAS PARA EL CONOCIMIENTO; PREVENCIÓN Y ATENCIÓN EN LA GESTIÓN DEL RIESGO DE DESASTRES EN EL DISTR,https://community.secop.gov.co/Public/Tendering/OpportunityDetail/Index?noticeUID=CO1.NTC.3212915&isFromPublicArea=True&isModal=true&asPopupView=true,03.v2.1,,,,,
CO1.PCCNTR.4002965,2022,Alcaldía Distrital de Barrancabermeja,Profesional,Profesional,,PRESTACIÓN DE SERVICIOS PROFESIONALES COMO ABOGADO; EN DESARROLLO DEL PROYECTO FORTALECIMIENTO EN EL DESARROLLO DE LOS PROCESOS INTERNOS DE LA SECRETARIA DE PLANEACIÓN DISTRITAL EN BARRANCABERMEJA; SANTANDER.,https://community.secop.gov.co/Public/Tendering/OpportunityDetail/Index?noticeUID=CO1.NTC.3252050&isFromPublicArea=True&isModal=true&asPopupView=true,03.v2.1,,,,,
CO1.PCCNTR.4006734,2022,Alcaldía Distrital de Barrancabermeja,Profesional,Profesional,,PRESTACION DE SERVICIOS PROFESIONALES COMO PSICOLOGA PARA BRINDAR ACOMPAÑAMIENTO AL PROYECTO APOYO AL DESARROLLO DE ACCIONES PARA LA ATENCION INTEGRAL Y ELIMINACION DE TODO TIPO DE VIOLENCIAS CONTRA LAS MUJERES DEL DISTRITO DE BARRANCABERMEJA.,https://community.secop.gov.co/Public/Tendering/OpportunityDetail/Index?noticeUID=CO1.NTC.3256740&isFromPublicArea=True&isModal=true&asPopupView=true,03.v2.1,,,,,
CO1.PCCNTR.4009915,2022,Alcaldía Distrital de Barrancabermeja,Profesional,Sin rol,,PRESTAR SERVICIOS PROFESIONALES EN NEGOCIOS INTERNACIONALES PARA APOYAR LAS DIFERENTES ACTIVIDADES EN EL MARCO DEL PROYECTO DE FORTALECIMIENTO A LAS DIFERENTES ESTRATEGIAS QUE PROMUEVAN LA GENERACIÓN Y FORMALIZACIÓN DE EMPLEO; EMPRESA Y EMPRENDIMIENTO DEL DISTRITO DE BARRANCABERMEJA.,https://community.secop.gov.co/Public/Tendering/OpportunityDetail/Index?noticeUID=CO1.NTC.3261113&isFromPublicArea=True&isModal=true&asPopupView=true,03.v2.1,,,,,
CO1.PCCNTR.4010386,2022,Alcaldía Distrital de Barrancabermeja,Profesional,Profesional,,PRESTACIÓN DE SERVICIOS PROFESIONALES COMO INGENIERO DE SISTEMAS; PARA FORTALECER Y APOYAR LA IMPLEMENTACIÓN DE LA POLÍTICA DE SIMPLIFICACIÓN DE PROCESOS Y DESARROLLO DE APLICATIVOS  DEL  MIPG; EN DESARROLLO DEL PROYECTO FORTALECIMIENTO INSTITUCIONAL Y MEJORAMIENTO CONTINUO DE LOS PROCESOS Y LAS POL,https://community.secop.gov.co/Public/Tendering/OpportunityDetail/Index?noticeUID=CO1.NTC.3262221&isFromPublicArea=True&isModal=true&asPopupView=true,03.v2.1,,,,,
CO1.PCCNTR.4035798,2022,Alcaldía Distrital de Barrancabermeja,Profesional,Profesional,,PRESTACION DE SERVICIOS PROFESIONALES COMO INGENIERO EN HIGIENE Y SEGURIDAD INDUSTRIAL PARA DESARROLLAR ACTIVIDADES EN EL MARCO DEL PROYECTO DE IMPLEMENTACION DE LA ESTRATEGIA DE DESARROLLO RURAL LOCAL SOY RURAL EN EL DISTRITO DE BARRANCABERMEJA,https://community.secop.gov.co/Public/Tendering/OpportunityDetail/Index?noticeUID=CO1.NTC.3291549&isFromPublicArea=True&isModal=true&asPopupView=true,03.v2.1,,,,,
CO1.PCCNTR.4162319,2022,Alcaldía Distrital de Barrancabermeja,Profesional,Profesional,,PRESTACIÓN DE SERVICIOS COMO INGENIERA AGROINDUSTRIAL ESPECIALISTA EN EVALUACIÓN Y GERENCIA DE PROYECTOS PARA APOYAR LOS DIFERENTES PROGRAMAS Y PROYECTOS DESARROLLADOS DESDE LA SECRETARIA DE AGRICULTURA PESCA Y DESARROLLO RURAL DE LA ALCALDÍA DISTRITAL DE BARRANCABERMEJA,https://community.secop.gov.co/Public/Tendering/OpportunityDetail/Index?noticeUID=CO1.NTC.3451135&isFromPublicArea=True&isModal=true&asPopupView=true,03.v2.1,,,,,
CO1.PCCNTR.4199023,2022,Alcaldía Distrital de Barrancabermeja,Profesional,Profesional,,PRESTACIÓN DE SERVICIOS PROFESIONALES COMO TRABAJADORA SOCIAL; EN DESARROLLO DEL PROYECTO FORTALECIMIENTO DEL PROCESO DE LEGALIZACIÓN DE ASENTAMIENTOS HUMANOS EN EL DISRITO DE BARRANCABERMEJA; SANTANDER.,https://community.secop.gov.co/Public/Tendering/OpportunityDetail/Index?noticeUID=CO1.NTC.3500145&isFromPublicArea=True&isModal=true&asPopupView=true,03.v2.1,,,,,
CO1.PCCNTR.4476536,2023,Alcaldía Distrital de Barrancabermeja,Ambiguo,Sin rol,,PRESTACIÓN DE SERVICIOS COMO TOPÓGRAFO PARA BRINDAR ASESORÍA; APOYO Y ACOMPAÑAMIENTO TÉCNICO A LA SECRETARIA DE RECURSO FÍSICO DEL DISTRITO DE BARRANCABERMEJA EN EL MARCO DEL PROYECTO DE FORTALECIMIENTO INSTITUCIONAL A LA GESTIÓN ADMINISTRATIVA; JURÍDICA Y FINANCIERA DE LA SECRETARIA DE RECURSO FÍSI,https://community.secop.gov.co/Public/Tendering/OpportunityDetail/Index?noticeUID=CO1.NTC.3838980&isFromPublicArea=True&isModal=true&asPopupView=true,03.v2.1,,,,,
CO1.PCCNTR.4514013,2023,Alcaldía Distrital de Barrancabermeja,Ambiguo,Sin rol,,PRESTACIÓN DE SERVICIOS COMO APOYO A LA GESTIÓN DE TOPOGRAFÍA PARA OTROS SERVICIOS PROFESIONALES; TÉCNICOS Y EMPRESARIALES EN DESARROLLO DEL PROYECTO ADQUISICIÓN DE PREDIOS Y ACCIONES COMPLEMENTARIAS DE GESTIÓN; APOYO Y SEGUIMIENTO PARA LA INFRAESTRUCTURA ESTRATÉGICA DEL DISTRITO DE BARRANCABERMEJA,https://community.secop.gov.co/Public/Tendering/OpportunityDetail/Index?noticeUID=CO1.NTC.3876960&isFromPublicArea=True&isModal=true&asPopupView=true,03.v2.1,,,,,
CO1.PCCNTR.4567514,2023,Alcaldía Distrital de Barrancabermeja,Ambiguo,Sin rol,,PRESTACIÓN DE SERVICIOS DE APOYO A LA GESTIÓN ADMINISTRATIVA Y LABORES SECRETARIALES PARA OTROS SERVICIOS PROFESIONALES; TÉCNICOS Y EMPRESARIALES EN DESARROLLO DEL PROYECTO ADQUISICIÓN DE PREDIOS Y ACCIONES COMPLEMENTARIAS DE GESTIÓN; APOYO Y SEGUIMIENTO PARA LA INFRAESTRUCTURA ESTRATÉGICA DEL DISTR,https://community.secop.gov.co/Public/Tendering/OpportunityDetail/Index?noticeUID=CO1.NTC.3935581&isFromPublicArea=True&isModal=true&asPopupView=true,03.v2.1,,,,,
CO1.PCCNTR.4577002,2023,Alcaldía Distrital de Barrancabermeja,Ambiguo,Sin rol,,PRESTACION DE SERVICIOS COMO APOYO A LA GESTION DE TOPOGRAFIA PARA OTROS SERVICIOS PROFESIONALES; TECNICOS Y EMPRESARIALES EN DESARROLLO DEL PROYECTO ADQUISICION DE PREDIOS Y ACCIONES COMPLEMENTARIAS DE GESTION; APOYO Y SEGUIMIENTO PARA LA INFRAESTRUCTURA ESTRATEGICA DEL DISTRITO DE BARRANCABERMEJA,https://community.secop.gov.co/Public/Tendering/OpportunityDetail/Index?noticeUID=CO1.NTC.3947483&isFromPublicArea=True&isModal=true&asPopupView=true,03.v2.1,,,,,
CO1.PCCNTR.4579779,2023,Alcaldía Distrital de Barrancabermeja,Ambiguo,Sin rol,,PRESTACION DE SERVICIOS DE APOYO A LA GESTION PARA OTROS SERVICIOS PROFESIONALES; TECNICOS Y EMPRESARIALES EN DESARROLLO DEL PROYECTO ADQUISICION DE PREDIOS Y ACCIONES COMPLEMENTARIAS DE GESTION; APOYO Y SEGUIMIENTO PARA LA INFRAESTRUCTURA ESTRATEGICA DEL DISTRITO DE BARRANCABERMEJA SANTANDER,https://community.secop.gov.co/Public/Tendering/OpportunityDetail/Index?noticeUID=CO1.NTC.3951254&isFromPublicArea=True&isModal=true&asPopupView=true,03.v2.1,,,,,
CO1.PCCNTR.4587520,2023,Alcaldía Distrital de Barrancabermeja,Ambiguo,Sin rol,,PRESTACIÓN DE SERVICIOS COMO APOYO A LA GESTIÓN DE TOPOGRAFÍA PARA OTROS SERVICIOS PROFESIONALES; TÉCNICOS Y EMPRESARIALES EN DESARROLLO DEL PROYECTO ADQUISICIÓN DE PREDIOS Y ACCIONES COMPLEMENTARIAS DE GESTIÓN; APOYO Y SEGUIMIENTO PARA LA INFRAESTRUCTURA ESTRATÉGICA DEL DISTRITO DE BARRANCABERMEJA,https://community.secop.gov.co/Public/Tendering/OpportunityDetail/Index?noticeUID=CO1.NTC.3959854&isFromPublicArea=True&isModal=true&asPopupView=true,03.v2.1,,,,,
CO1.PCCNTR.4886908,2023,Alcaldía Distrital de Barrancabermeja,Ambiguo,Sin rol,,PRESTAR SERVICOS PROFESIONALES COMO ECONIMISTA EN LAS ACCIONES ADMINISTRATIVAS Y ESTRATEGICAS EJECUTADAS DESDE EL PROYECTO DE INVERSION IMPLEMENTACION DE ESTRATEGIAS ORIENTADAS A GARANTIZAR EL GOCE Y DISFRUTE DEL ESPACIO PUBLICO Y CONTROL URBANO,https://community.secop.gov.co/Public/Tendering/OpportunityDetail/Index?noticeUID=CO1.NTC.4320676&isFromPublicArea=True&isModal=true&asPopupView=true,03.v2.1,,,,,
CO1.PCCNTR.4900557,2023,Alcaldía Distrital de Barrancabermeja,Ambiguo,Sin rol,,PRESTAR SUS SERVICIOS PROFESINALES EN GESTIÓN EMPRESARIAL; EN EL MARCO DEL PROYECTO FORTALECIMIENTO DE LA ESTRATEGIA DE COMUNICACIONES DEL DISTRITO DE BARRANCABERMEJA,https://community.secop.gov.co/Public/Tendering/OpportunityDetail/Index?noticeUID=CO1.NTC.4340619&isFromPublicArea=True&isModal=true&asPopupView=true,03.v2.1,,,,,
CO1.PCCNTR.5092279,2023,Alcaldía Distrital de Barrancabermeja,Ambiguo,Sin rol,,PRESTACIÓN DE SERVICIOS DE APOYO A LA GESTIÓN ADMINISTRATIVA Y LABORES SECRETARIALES PARA OTROS SERVICIOS PROFESIONALES; TECNICOS Y EMPRESARIALES EN DESARROLLO DEL PROYECTO ADQUISICION DE PREDIOS Y ACCIONES COMPLEMENTARIAS DE GESTION; APOYO Y SEGUIMIENTO PARA LA INFRAESTRUCTURA ESTRATEGICA DEL DISTR,https://community.secop.gov.co/Public/Tendering/OpportunityDetail/Index?noticeUID=CO1.NTC.4586303&isFromPublicArea=True&isModal=true&asPopupView=true,03.v2.1,,,,,
CO1.PCCNTR.5102284,2023,Alcaldía Distrital de Barrancabermeja,Ambiguo,Sin rol,,PRESTACION DE SERVICIOS COMO APOYO A LA GESTION DE TOPOGRAFIA PARA OTROS SERVICIOS PROFESIONALES; TECNICOS Y EMPRESARIALES EN DESARROLLO DEL PROYECTO ADQUISICION DE PREDIOS Y ACCIONES COMPLEMENTARIAS DE GESTION; APOYO Y SEGUIMIENTO PARA LA INFRAESTRUCTURA ESTRATEGICA DEL DISTRITO DE BARRANCABERMEJA,https://community.secop.gov.co/Public/Tendering/OpportunityDetail/Index?noticeUID=CO1.NTC.4598044&isFromPublicArea=True&isModal=true&asPopupView=true,03.v2.1,,,,,
CO1.PCCNTR.5102994,2023,Alcaldía Distrital de Barrancabermeja,Ambiguo,Sin rol,,PRESTACIÓN DE SERVICIOS COMO APOYO A LA GESTIÓN DE TOPOGRAFÍA PARA OTROS SERVICIOS PROFESIONALES; TÉCNICOS Y EMPRESARIALES EN DESARROLLO DEL PROYECTO ADQUISICION DE PREDIOS Y ACCIONES COMPLEMENTARIAS DE GESTION; APOYO Y SEGUIMIENTO PARA LA INFRAESTRUCTURA ESTRATEGICA DEL DISTRITO DE BARRANCABERMEJA,https://community.secop.gov.co/Public/Tendering/OpportunityDetail/Index?noticeUID=CO1.NTC.4598737&isFromPublicArea=True&isModal=true&asPopupView=true,03.v2.1,,,,,
CO1.PCCNTR.5105540,2023,Alcaldía Distrital de Barrancabermeja,Ambiguo,Sin rol,,PRESTACIÓN DE SERVICIOS COMO APOYO A LA GESTIÓN DE TOPOGRAFÍA PARA OTROS SERVICIOS PROFESIONALES; TÉCNICOS Y EMPRESARIALES EN DESARROLLO DEL PROYECTO ADQUISICION DE PREDIOS Y ACCIONES COMPLEMENTARIAS DE GESTION; APOYO Y SEGUIMIENTO PARA LA INFRAESTRUCTURA ESTRATEGICA DEL DISTRITO DE BARRANCABERMEJA,https://community.secop.gov.co/Public/Tendering/OpportunityDetail/Index?noticeUID=CO1.NTC.4601668&isFromPublicArea=True&isModal=true&asPopupView=true,03.v2.1,,,,,
CO1.PCCNTR.5111378,2023,Alcaldía Distrital de Barrancabermeja,Ambiguo,Sin rol,,PRESTACION DE SERVICIOS DE APOYO A LA GESTION PARA OTROS SERVICIOS PROFESIONALES TECNICOS Y EMPRESARIALES EN DESARROLLO DEL PROYECTO DE ADQUISISCIO DE PREDIOS Y ACCIONES COMPLEMENTARIAS DE GESTION; APOYO Y SEGUIMIENTO PARA LA INFRAESTRUCTURA ESTRETAGICA DEL DISTRITO DE BARRANCABERMEJA SANTANDER,https://community.secop.gov.co/Public/Tendering/OpportunityDetail/Index?noticeUID=CO1.NTC.4607913&isFromPublicArea=True&isModal=true&asPopupView=true,03.v2.1,,,,,
CO1.PCCNTR.5131350,2023,Alcaldía Distrital de Barrancabermeja,Ambiguo,Sin rol,,PRESTACION DE SERVICIOS COMO APOYO A AL GESTION PARA TRAMITAR; ADMINISTRAR Y EJECUTAR ACTIVIDADES EN EL MARCO DEL SISTEMA DE GESTION EN SEGURIDAD Y SALUD EN EL TRABAJO; CON ENFOQUE BASADO EN PROCESOS Y MEJORAMIENTO CONTINUO; DESDE LA SECRETARIA DE INFRAESTRUCTURA,https://community.secop.gov.co/Public/Tendering/OpportunityDetail/Index?noticeUID=CO1.NTC.4629474&isFromPublicArea=True&isModal=true&asPopupView=true,03.v2.1,,,,,
CO1.PCCNTR.5141476,2023,Alcaldía Distrital de Barrancabermeja,Ambiguo,Sin rol,,PRESTAR SERVICIOS COMO PRODUCTOR EN ARTES AUDIOVISUALES CINE TV Y MULTIMEDIA Y/O AREAS AFINES PARA LA ESTRATEGIA DE REGISTRO Y PRODUCCIÓN AUDIOVISUAL EN LA DISMINUCIÓN DE BRECHA SOCIAL EN EL CENTRO DE EMPRENDIMIENTO E INNOVACIÓN-BIT.,https://community.secop.gov.co/Public/Tendering/OpportunityDetail/Index?noticeUID=CO1.NTC.4639650&isFromPublicArea=True&isModal=true&asPopupView=true,03.v2.1,,,,,
CO1.PCCNTR.5143159,2023,Alcaldía Distrital de Barrancabermeja,Ambiguo,Sin rol,,PRESTAR SERVICIOS COMO INGNIERO EN TELECOMUNICACIONES; SISTEMAS Y/O AREAS AFINES PARA APOYAR LAS ACCIONES TECNICAS Y OPERATIVAS QUE LE FACILITEN A LA ALCALDIA DISTRITAL DE BARRANCABERMEJA LLEVAR A CABO EL CUMPLIMIENTO DEL PROYECTO DE FORTALECIMIENTO INSTITUCIONAL DEL SECTOR PUBLICO DE TECNOLOGIAS Y,https://community.secop.gov.co/Public/Tendering/OpportunityDetail/Index?noticeUID=CO1.NTC.4641539&isFromPublicArea=True&isModal=true&asPopupView=true,03.v2.1,,,,,
CO1.PCCNTR.5153571,2023,Alcaldía Distrital de Barrancabermeja,Ambiguo,Sin rol,,PRESTAR SERVICIOS PROFESIONAL EN ARTES AUDIOVISUALES Y/O AFINES PARA FORTALECER EL DESARROLLO DE LAS ACTIVIDADES DEL PROYECTO DE FORTALECIMIENTO INSTITUCIONAL DEL SECTOR PUBLICO DE TECNOLOGIAS Y COMUNICACION DEL DISTRITO VIGENCIA 2022-2023 BARRANCABERMEJA. (AREA DE CTeI; Proceos de Apropiación; Ev,https://community.secop.gov.co/Public/Tendering/OpportunityDetail/Index?noticeUID=CO1.NTC.4650960&isFromPublicArea=True&isModal=true&asPopupView=true,03.v2.1,,,,,
CO1.PCCNTR.5154986,2023,Alcaldía Distrital de Barrancabermeja,Ambiguo,Sin rol,,PRESTACIÓN DE SERVICIOS COMO APOYO A LA GESTIÓN DE TOPOGRAFIA PARA OTROS SERVICIOS PROFESIONALES; TÉCNICOS Y EMPRESARIALES EN DESARROLLO DEL PROYECTO ADQUISICION DE PREDIOS Y ACCIONES COMPLEMENTARIAS DE GESTION; APOYO Y SEGUIMIENTO PARA LA INFRAESTRUCTURA ESTRATEGICA DEL DISTRITO DE BARRANCABERMEJA,https://community.secop.gov.co/Public/Tendering/OpportunityDetail/Index?noticeUID=CO1.NTC.4652261&isFromPublicArea=True&isModal=true&asPopupView=true,03.v2.1,,,,,
CO1.PCCNTR.5167674,2023,Alcaldía Distrital de Barrancabermeja,Ambiguo,Sin rol,,Sin Descripcion,https://community.secop.gov.co/Public/Tendering/OpportunityDetail/Index?noticeUID=CO1.NTC.4664495&isFromPublicArea=True&isModal=true&asPopupView=true,03.v2.1,,,,,
CO1.PCCNTR.5520339,2023,Alcaldía Distrital de Barrancabermeja,Ambiguo,Sin rol,,SERVICIOS PROFESIONANALES COMO NEGOCIADOR INTERNACIONAL ESPECIALIZADO PARA EL APOYO A ORGANIZACIÓN DE INFORMES QUE SE GENEREN EN LA SECRETARIA DE CULTURA; TURISMO Y PATRIMONIO DEL DISTRITO DE BARRANCABERMEJA.,https://community.secop.gov.co/Public/Tendering/OpportunityDetail/Index?noticeUID=CO1.NTC.5140552&isFromPublicArea=True&isModal=true&asPopupView=true,03.v2.1,,,,,
CO1.PCCNTR.5597579,2023,Alcaldía Distrital de Barrancabermeja,Ambiguo,Sin rol,,PRESTACION DE SERVICIOS PROFESIONALES COMO APOYO A LA GESTION EN LOS DIFERENTES PROGRAMAS Y PROYECTOS DESARROLLADOS DESDE LA SUBSECRETARIA DE SEGURIDAD CIUDADANA DE BARRANCABERMEJA EN EL MARCO DEL PROYECTO FORTALECIMIENTO INSTITUCIONAL Y MEJORAMIENTO CONTINUO DE LOS PROCESOS Y LAS POLITICAS DE GESTI,https://community.secop.gov.co/Public/Tendering/OpportunityDetail/Index?noticeUID=CO1.NTC.5241588&isFromPublicArea=True&isModal=true&asPopupView=true,03.v2.1,,,,,
CO1.PCCNTR.5628606,2023,Alcaldía Distrital de Barrancabermeja,Ambiguo,Sin rol,,"1. CERTIFICACIÓN DEL BANCO DE PROYECTO_0001.pdf
2. CERTIFICADO PLAN ANUAL DE ADQUISICIONES_0001.pdf
3. CERTIFICADO DE DISPONIBILIDAD PRESUPUESTAL_0001.pdf
4. ESTUDIOS Y DOCUMENTOS PREVIOS_0001.pdf
6. INVITACION A  PRESENTAR LA HOJA DE VIDA_0001.pdf
7. ACTA DE VERIFICACION DE  DOCUMENTOS JURIDICOS E",https://community.secop.gov.co/Public/Tendering/OpportunityDetail/Index?noticeUID=CO1.NTC.5277856&isFromPublicArea=True&isModal=true&asPopupView=true,03.v2.1,,,,,
CO1.PCCNTR.5641624,2023,Alcaldía Distrital de Barrancabermeja,Ambiguo,Sin rol,,PRESTACIÓN DE SERVICIOS COMO APOYO A LA GESTIÓN DE TOPOGRAFÍA PARA OTROS SERVICIOS PROFESIONALES; TÉCNICOS Y EMPRESARIALES  EN DESARROLLO DEL PROYECTO ADQUISICIÓN DE PREDIOS Y ACCIONES COMPLEMENTARIAS DE GESTIÓN; APOYO Y SEGUIMIENTO PARA LA INFRAESTRUCTURA ESTRATÉGICA DEL DISTRITO DE BARRANCABERMEJA,https://community.secop.gov.co/Public/Tendering/OpportunityDetail/Index?noticeUID=CO1.NTC.5294672&isFromPublicArea=True&isModal=true&asPopupView=true,03.v2.1,,,,,
CO1.PCCNTR.5680680,2023,Alcaldía Distrital de Barrancabermeja,Ambiguo,Sin rol,,PRESTACIÓN DE SERVICIOS DE APOYO A LA GESTIÓN ADMINISTRATIVA Y LABORES SECRETARIALES PARA OTROS SERVICIOS PROFESIONALES; TECNICOS Y EMPRESARIALES EN DESARROLLO DEL PROYECTO ADQUISICION DE PREDIOS Y ACCIONES COMPLEMENTARIAS DE GESTION; APOYO Y SEGUIMIENTO PARA LA INFRAESTRUCTURA ESTRATEGICA DEL DISTR,https://community.secop.gov.co/Public/Tendering/OpportunityDetail/Index?noticeUID=CO1.NTC.5338564&isFromPublicArea=True&isModal=true&asPopupView=true,03.v2.1,,,,,
CO1.PCCNTR.5686406,2023,Alcaldía Distrital de Barrancabermeja,Ambiguo,Sin rol,,PRESTACION DE SERVICIOS COMO APOYO A LA GESTION DE TOPOGRAFIA PARA OTROS SERVICIOS PROFESIONALES; TECNICOS Y EMPRESARIALES EN DESARROLLO DEL PROYECTO ADQUISICION DE PREDIOS Y ACCIONES COMPLEMENTARIAS DE GESTION; APOYO Y SEGUIMIENTO PARA LA INFRAESTRUCTURA ESTRATEGICA DEL DISTRITO DE BARRANCABERMEJA,https://community.secop.gov.co/Public/Tendering/OpportunityDetail/Index?noticeUID=CO1.NTC.5343895&isFromPublicArea=True&isModal=true&asPopupView=true,03.v2.1,,,,,
CO1.PCCNTR.4663052,2023,Alcaldía Distrital de Barrancabermeja,Apoyo a la gestión,Sin rol,,PRESTACION DE SERVICIOS COMO APOYO A LA GESTIÓN OPERATIVA PARA REALIZAR ACTIVIDADES EN EL MARCO DEL PROYECTO APOYO A LA GESTION TÉCNICA Y PROFESIONAL PARA EL FORTALECIMIENTO DE LA GESTIÓN DEL RIESGO DE DESASTRES EN LA VIGENCIA 2023 DEL DISTRITO DE BARRANCABERMEJA,https://community.secop.gov.co/Public/Tendering/OpportunityDetail/Index?noticeUID=CO1.NTC.4042071&isFromPublicArea=True&isModal=true&asPopupView=true,03.v2.1,,,,,
CO1.PCCNTR.4766005,2023,Alcaldía Distrital de Barrancabermeja,Apoyo a la gestión,Sin rol,obra,PRESTACIÓN DE SERVICIOS COMO APOYO A LA GESTIÓN PARA APOYAR DESDE SU CONOCIMIENTO EN EL MANTENIMIENTO DE REDES Y SISTEMAS ELÉCTRICOS EN LAS LABORES DESARROLLADAS POR EL GRUPO DE CONSTRUCCIÓN DE LA SECRETARIA DE INFRAESTRUCTURA EN DESARROLLO DEL PROYECTO FORTALECIMIENTO INSTITUCIONAL Y MEJORAMIENTO C,https://community.secop.gov.co/Public/Tendering/OpportunityDetail/Index?noticeUID=CO1.NTC.4166372&isFromPublicArea=True&isModal=true&asPopupView=true,03.v2.1,,,,,
CO1.PCCNTR.4793837,2023,Alcaldía Distrital de Barrancabermeja,Apoyo a la gestión,Sin rol,,PRESTACION DE SERVICIOS DE APOYO A LA GESTION PARA COADYUVAR EN LAS ACTIVIDADES DOCUMENTALES Y ADMINISTRATIVAS QUE SE REQUIERAN EN LA SECRETARIA DE RECURSO FISICO DEL DISTRITO DE BARRANCABERMEJA EN EL MARCO DEL PROYECTO DE FORTALECIMIENTO INSTITUCIONAL A LA GESTIÓN ADMINISTRATIVA; JURÍDICA Y FINANCI,https://community.secop.gov.co/Public/Tendering/OpportunityDetail/Index?noticeUID=CO1.NTC.4201266&isFromPublicArea=True&isModal=true&asPopupView=true,03.v2.1,,,,,
CO1.PCCNTR.4855159,2023,Alcaldía Distrital de Barrancabermeja,Apoyo a la gestión,Sin rol,,PRESTAR SUS SERVICIOS DE APOYO A LA GESTIÓN PARA APOYAR EN LA REVISIÓN DE TEXTOS Y PRODUCCIÓN DE CONTENIDO COMUNICACIONAL; EN EL MARCO DEL PROYECTO FORTALECIMIENTO DE LA ESTRATEGIA DE COMUNICACIÓNES DEL DISTRITO DE BARRANCABERMEJA,https://community.secop.gov.co/Public/Tendering/OpportunityDetail/Index?noticeUID=CO1.NTC.4281796&isFromPublicArea=True&isModal=true&asPopupView=true,03.v2.1,,,,,
CO1.PCCNTR.4876135,2023,Alcaldía Distrital de Barrancabermeja,Apoyo a la gestión,Sin rol,,PRESTAR SUS SERVICIOS DE APOYO A LA GESTIÓN PARA PARA REALIZAR EL REGISTRO FOTOGRAFICOS Y AUDIOVISUAL EN LA ACTIVIDADES DESARROLLADAS EN LA ESTRATEGIA DE COMUNICACIÓN DEL DISTRITO DE BARRANCABERMEJA. EN EL MARCO DELPROYECTO FORTALECIMIENTO DE LA ESTRATEGIA DE COMUNICACIONES DEL DISTRITO DE BARRANCAB,https://community.secop.gov.co/Public/Tendering/OpportunityDetail/Index?noticeUID=CO1.NTC.4305863&isFromPublicArea=True&isModal=true&asPopupView=true,03.v2.1,,,,,
CO1.PCCNTR.4891530,2023,Alcaldía Distrital de Barrancabermeja,Apoyo a la gestión,Apoyo a la gestión,,PRESTACION DE SERVICIOS DE APOYO A LA GESTIÓN COMO TECNÓLOGO EN HIGIENE Y SEGURIDAD INDUSTRIAL PARA APOYAR LAS DIFERENTES ACTIVIDADES DESARROLLADAS DESDE LA SECRETARIA DE MEDIO AMBIENTE EN MARCO DEL PROYECTO DE FORTALECIMIENTO INSTITUCIONAL Y MEJORAMIENTO CONTINUO DE LOS PROCESOS Y LAS POLÍTICAS DE,https://community.secop.gov.co/Public/Tendering/OpportunityDetail/Index?noticeUID=CO1.NTC.4327411&isFromPublicArea=True&isModal=true&asPopupView=true,03.v2.1,,,,,
CO1.PCCNTR.5097547,2023,Alcaldía Distrital de Barrancabermeja,Apoyo a la gestión,Sin rol,,PRESTACIÓN DE SERVICIOS COMO APOYO A LA GESTIÓN PARA ACOMPAÑAR LAS ACCIONES DE EXTENSIÓN AGROPECUARIA EN EL MARCO DEL PROYECTO DE FORTALECIMIENTO DE LOS PROCESOS DE EXTENSIÓN AGROPECUARIA Y ASISTENCIA TÉCNICA A PESCADORES ARTESANALES Y PRODUCTORES AGROPECUARIOS DEL DISTRITO DE BARRANCABERMEJA,https://community.secop.gov.co/Public/Tendering/OpportunityDetail/Index?noticeUID=CO1.NTC.4592610&isFromPublicArea=True&isModal=true&asPopupView=true,03.v2.1,,,,,
CO1.PCCNTR.5100062,2023,Alcaldía Distrital de Barrancabermeja,Apoyo a la gestión,Sin rol,obra,PRESTACIÓN DE SERVICIOS COMO APOYO A LA GESTIÓN PARA SENSIBILIZAR A LA POBLACIÓN CIVIL SOBRE SUS DERECHOS Y DEBERES EN MATERIA DE CONVIVENCIA; POTENCIANDO SU PARTICIPACIÓN EN LA CONSTRUCCIÓN DE CONDICIONES FAVORABLES EN EL ÁMBITO SOCIAL; CULTURAL Y URBANO EN LAS DIFERENTES COMUNIDADES SEGÚN EL MARCO,https://community.secop.gov.co/Public/Tendering/OpportunityDetail/Index?noticeUID=CO1.NTC.4595384&isFromPublicArea=True&isModal=true&asPopupView=true,03.v2.1,,,,,
CO1.PCCNTR.5100167,2023,Alcaldía Distrital de Barrancabermeja,Apoyo a la gestión,Sin rol,obra,PRESTACIÓN DE SERVICIOS COMO APOYO A LA GESTIÓN PARA SENSIBILIZAR A LA POBLACIÓN CIVIL SOBRE SUS DERECHOS Y DEBERES EN MATERIA DE CONVIVENCIA; POTENCIANDO SU PARTICIPACIÓN EN LA CONSTRUCCIÓN DE CONDICIONES FAVORABLES EN EL ÁMBITO SOCIAL; CULTURAL Y URBANO EN LAS DIFERENTES COMUNIDADES SEGÚN EL MARCO,https://community.secop.gov.co/Public/Tendering/OpportunityDetail/Index?noticeUID=CO1.NTC.4595660&isFromPublicArea=True&isModal=true&asPopupView=true,03.v2.1,,,,,
CO1.PCCNTR.5100168,2023,Alcaldía Distrital de Barrancabermeja,Apoyo a la gestión,Sin rol,obra,PRESTACIÓN DE SERVICIOS COMO APOYO A LA GESTIÓN PARA SENSIBILIZAR A LA POBLACIÓN CIVIL SOBRE SUS DERECHOS Y DEBERES EN MATERIA DE CONVIVENCIA; POTENCIANDO SU PARTICIPACIÓN EN LA CONSTRUCCIÓN DE CONDICIONES FAVORABLES EN EL ÁMBITO SOCIAL; CULTURAL Y URBANO EN LAS DIFERENTES COMUNIDADES SEGÚN EL MARCO,https://community.secop.gov.co/Public/Tendering/OpportunityDetail/Index?noticeUID=CO1.NTC.4595802&isFromPublicArea=True&isModal=true&asPopupView=true,03.v2.1,,,,,
CO1.PCCNTR.5100170,2023,Alcaldía Distrital de Barrancabermeja,Apoyo a la gestión,Sin rol,obra,PRESTACIÓN DE SERVICIOS COMO APOYO A LA GESTIÓN PARA SENSIBILIZAR A LA POBLACIÓN CIVIL SOBRE SUS DERECHOS Y DEBERES EN MATERIA DE CONVIVENCIA; POTENCIANDO SU PARTICIPACIÓN EN LA CONSTRUCCIÓN DE CONDICIONES FAVORABLES EN EL ÁMBITO SOCIAL; CULTURAL Y URBANO EN LAS DIFERENTES COMUNIDADES SEGÚN EL MARCO,https://community.secop.gov.co/Public/Tendering/OpportunityDetail/Index?noticeUID=CO1.NTC.4595666&isFromPublicArea=True&isModal=true&asPopupView=true,03.v2.1,,,,,
CO1.PCCNTR.5100236,2023,Alcaldía Distrital de Barrancabermeja,Apoyo a la gestión,Sin rol,obra,PRESTACIÓN DE SERVICIOS COMO APOYO A LA GESTIÓN PARA SENSIBILIZAR A LA POBLACIÓN CIVIL SOBRE SUS DERECHOS Y DEBERES EN MATERIA DE CONVIVENCIA; POTENCIANDO SU PARTICIPACIÓN EN LA CONSTRUCCIÓN DE CONDICIONES FAVORABLES EN EL ÁMBITO SOCIAL; CULTURAL Y URBANO EN LAS DIFERENTES COMUNIDADES SEGÚN EL MARCO,https://community.secop.gov.co/Public/Tendering/OpportunityDetail/Index?noticeUID=CO1.NTC.4595160&isFromPublicArea=True&isModal=true&asPopupView=true,03.v2.1,,,,,
CO1.PCCNTR.5100238,2023,Alcaldía Distrital de Barrancabermeja,Apoyo a la gestión,Sin rol,obra,PRESTACIÓN DE SERVICIOS COMO APOYO A LA GESTIÓN PARA SENSIBILIZAR A LA POBLACIÓN CIVIL SOBRE SUS DERECHOS Y DEBERES EN MATERIA DE CONVIVENCIA; POTENCIANDO SU PARTICIPACIÓN EN LA CONSTRUCCIÓN DE CONDICIONES FAVORABLES EN EL ÁMBITO SOCIAL; CULTURAL Y URBANO EN LAS DIFERENTES COMUNIDADES SEGÚN EL MARCO,https://community.secop.gov.co/Public/Tendering/OpportunityDetail/Index?noticeUID=CO1.NTC.4595165&isFromPublicArea=True&isModal=true&asPopupView=true,03.v2.1,,,,,
CO1.PCCNTR.5100243,2023,Alcaldía Distrital de Barrancabermeja,Apoyo a la gestión,Sin rol,obra,PRESTACIÓN DE SERVICIOS COMO APOYO A LA GESTIÓN PARA SENSIBILIZAR A LA POBLACIÓN CIVIL SOBRE SUS DERECHOS Y DEBERES EN MATERIA DE CONVIVENCIA; POTENCIANDO SU PARTICIPACIÓN EN LA CONSTRUCCIÓN DE CONDICIONES FAVORABLES EN EL ÁMBITO SOCIAL; CULTURAL Y URBANO EN LAS DIFERENTES COMUNIDADES SEGÚN EL MARCO,https://community.secop.gov.co/Public/Tendering/OpportunityDetail/Index?noticeUID=CO1.NTC.4595601&isFromPublicArea=True&isModal=true&asPopupView=true,03.v2.1,,,,,
CO1.PCCNTR.5100277,2023,Alcaldía Distrital de Barrancabermeja,Apoyo a la gestión,Sin rol,obra,PRESTACIÓN DE SERVICIOS COMO APOYO A LA GESTIÓN PARA SENSIBILIZAR A LA POBLACIÓN CIVIL SOBRE SUS DERECHOS Y DEBERES EN MATERIA DE CONVIVENCIA; POTENCIANDO SU PARTICIPACIÓN EN LA CONSTRUCCIÓN DE CONDICIONES FAVORABLES EN EL ÁMBITO SOCIAL; CULTURAL Y URBANO EN LAS DIFERENTES COMUNIDADES SEGÚN EL MARCO,https://community.secop.gov.co/Public/Tendering/OpportunityDetail/Index?noticeUID=CO1.NTC.4595645&isFromPublicArea=True&isModal=true&asPopupView=true,03.v2.1,,,,,
CO1.PCCNTR.5100282,2023,Alcaldía Distrital de Barrancabermeja,Apoyo a la gestión,Sin rol,obra,PRESTACIÓN DE SERVICIOS COMO APOYO A LA GESTIÓN PARA SENSIBILIZAR A LA POBLACIÓN CIVIL SOBRE SUS DERECHOS Y DEBERES EN MATERIA DE CONVIVENCIA; POTENCIANDO SU PARTICIPACIÓN EN LA CONSTRUCCIÓN DE CONDICIONES FAVORABLES EN EL ÁMBITO SOCIAL; CULTURAL Y URBANO EN LAS DIFERENTES COMUNIDADES SEGÚN EL MARCO,https://community.secop.gov.co/Public/Tendering/OpportunityDetail/Index?noticeUID=CO1.NTC.4595717&isFromPublicArea=True&isModal=true&asPopupView=true,03.v2.1,,,,,
CO1.PCCNTR.5100290,2023,Alcaldía Distrital de Barrancabermeja,Apoyo a la gestión,Sin rol,obra,PRESTACIÓN DE SERVICIOS COMO APOYO A LA GESTIÓN PARA SENSIBILIZAR A LA POBLACIÓN CIVIL SOBRE SUS DERECHOS Y DEBERES EN MATERIA DE CONVIVENCIA; POTENCIANDO SU PARTICIPACIÓN EN LA CONSTRUCCIÓN DE CONDICIONES FAVORABLES EN EL ÁMBITO SOCIAL; CULTURAL Y URBANO EN LAS DIFERENTES COMUNIDADES SEGÚN EL MARCO,https://community.secop.gov.co/Public/Tendering/OpportunityDetail/Index?noticeUID=CO1.NTC.4595498&isFromPublicArea=True&isModal=true&asPopupView=true,03.v2.1,,,,,
CO1.PCCNTR.5100293,2023,Alcaldía Distrital de Barrancabermeja,Apoyo a la gestión,Sin rol,obra,PRESTACIÓN DE SERVICIOS COMO APOYO A LA GESTIÓN PARA SENSIBILIZAR A LA POBLACIÓN CIVIL SOBRE SUS DERECHOS Y DEBERES EN MATERIA DE CONVIVENCIA; POTENCIANDO SU PARTICIPACIÓN EN LA CONSTRUCCIÓN DE CONDICIONES FAVORABLES EN EL ÁMBITO SOCIAL; CULTURAL Y URBANO EN LAS DIFERENTES COMUNIDADES SEGÚN EL MARCO,https://community.secop.gov.co/Public/Tendering/OpportunityDetail/Index?noticeUID=CO1.NTC.4595724&isFromPublicArea=True&isModal=true&asPopupView=true,03.v2.1,,,,,
CO1.PCCNTR.5100350,2023,Alcaldía Distrital de Barrancabermeja,Apoyo a la gestión,Sin rol,,PRESTACIÓN DE SERVICIOS COMO APOYO A LA GESTIÓN PARA DIVULGACIÓN DE LOS DE LOS PRINCIPIOS; FINES ESENCIALES Y APLICABILIDAD DE LA NORMATIVA SOBRE SEGURIDAD Y CONVIVENCIA COMO PREMISA PARA LA PROTECCIÓN DE LOS DERECHOS HUMANOS SEGÚN EL MARCO DEL PROYECTO APOYO A LA PROMOCIÓN DE ENTORNOS SEGUROS PARA,https://community.secop.gov.co/Public/Tendering/OpportunityDetail/Index?noticeUID=CO1.NTC.4595520&isFromPublicArea=True&isModal=true&asPopupView=true,03.v2.1,,,,,
CO1.PCCNTR.5100365,2023,Alcaldía Distrital de Barrancabermeja,Apoyo a la gestión,Sin rol,obra,PRESTACIÓN DE SERVICIOS COMO APOYO A LA GESTIÓN PARA SENSIBILIZAR A LA POBLACIÓN CIVIL SOBRE SUS DERECHOS Y DEBERES EN MATERIA DE CONVIVENCIA; POTENCIANDO SU PARTICIPACIÓN EN LA CONSTRUCCIÓN DE CONDICIONES FAVORABLES EN EL ÁMBITO SOCIAL; CULTURAL Y URBANO EN LAS DIFERENTES COMUNIDADES SEGÚN EL MARCO,https://community.secop.gov.co/Public/Tendering/OpportunityDetail/Index?noticeUID=CO1.NTC.4595540&isFromPublicArea=True&isModal=true&asPopupView=true,03.v2.1,,,,,
CO1.PCCNTR.5100445,2023,Alcaldía Distrital de Barrancabermeja,Apoyo a la gestión,Sin rol,obra,PRESTACIÓN DE SERVICIOS COMO APOYO A LA GESTIÓN PARA SENSIBILIZAR A LA POBLACIÓN CIVIL SOBRE SUS DERECHOS Y DEBERES EN MATERIA DE CONVIVENCIA; POTENCIANDO SU PARTICIPACIÓN EN LA CONSTRUCCIÓN DE CONDICIONES FAVORABLES EN EL ÁMBITO SOCIAL; CULTURAL Y URBANO EN LAS DIFERENTES COMUNIDADES SEGÚN EL MARCO,https://community.secop.gov.co/Public/Tendering/OpportunityDetail/Index?noticeUID=CO1.NTC.4595492&isFromPublicArea=True&isModal=true&asPopupView=true,03.v2.1,,,,,
CO1.PCCNTR.5100446,2023,Alcaldía Distrital de Barrancabermeja,Apoyo a la gestión,Sin rol,obra,PRESTACIÓN DE SERVICIOS COMO APOYO A LA GESTIÓN PARA SENSIBILIZAR A LA POBLACIÓN CIVIL SOBRE SUS DERECHOS Y DEBERES EN MATERIA DE CONVIVENCIA; POTENCIANDO SU PARTICIPACIÓN EN LA CONSTRUCCIÓN DE CONDICIONES FAVORABLES EN EL ÁMBITO SOCIAL; CULTURAL Y URBANO EN LAS DIFERENTES COMUNIDADES SEGÚN EL MARCO,https://community.secop.gov.co/Public/Tendering/OpportunityDetail/Index?noticeUID=CO1.NTC.4595494&isFromPublicArea=True&isModal=true&asPopupView=true,03.v2.1,,,,,
CO1.PCCNTR.5100523,2023,Alcaldía Distrital de Barrancabermeja,Apoyo a la gestión,Sin rol,obra,PRESTACIÓN DE SERVICIOS COMO APOYO A LA GESTIÓN PARA SENSIBILIZAR A LA POBLACIÓN CIVIL SOBRE SUS DERECHOS Y DEBERES EN MATERIA DE CONVIVENCIA; POTENCIANDO SU PARTICIPACIÓN EN LA CONSTRUCCIÓN DE CONDICIONES FAVORABLES EN EL ÁMBITO SOCIAL; CULTURAL Y URBANO EN LAS DIFERENTES COMUNIDADES SEGÚN EL MARCO,https://community.secop.gov.co/Public/Tendering/OpportunityDetail/Index?noticeUID=CO1.NTC.4595718&isFromPublicArea=True&isModal=true&asPopupView=true,03.v2.1,,,,,
CO1.PCCNTR.5100601,2023,Alcaldía Distrital de Barrancabermeja,Apoyo a la gestión,Sin rol,obra,PRESTACIÓN DE SERVICIOS COMO APOYO A LA GESTIÓN PARA SENSIBILIZAR A LA POBLACIÓN CIVIL SOBRE SUS DERECHOS Y DEBERES EN MATERIA DE CONVIVENCIA; POTENCIANDO SU PARTICIPACIÓN EN LA CONSTRUCCIÓN DE CONDICIONES FAVORABLES EN EL ÁMBITO SOCIAL; CULTURAL Y URBANO EN LAS DIFERENTES COMUNIDADES SEGÚN EL MARCO,https://community.secop.gov.co/Public/Tendering/OpportunityDetail/Index?noticeUID=CO1.NTC.4595901&isFromPublicArea=True&isModal=true&asPopupView=true,03.v2.1,,,,,
CO1.PCCNTR.5100602,2023,Alcaldía Distrital de Barrancabermeja,Apoyo a la gestión,Sin rol,obra,PRESTACIÓN DE SERVICIOS COMO APOYO A LA GESTIÓN PARA SENSIBILIZAR A LA POBLACIÓN CIVIL SOBRE SUS DERECHOS Y DEBERES EN MATERIA DE CONVIVENCIA; POTENCIANDO SU PARTICIPACIÓN EN LA CONSTRUCCIÓN DE CONDICIONES FAVORABLES EN EL ÁMBITO SOCIAL; CULTURAL Y URBANO EN LAS DIFERENTES COMUNIDADES SEGÚN EL MARCO,https://community.secop.gov.co/Public/Tendering/OpportunityDetail/Index?noticeUID=CO1.NTC.4595668&isFromPublicArea=True&isModal=true&asPopupView=true,03.v2.1,,,,,
CO1.PCCNTR.5104354,2023,Alcaldía Distrital de Barrancabermeja,Apoyo a la gestión,Sin rol,obra,PRESTACIÓN DE SERVICIOS DE APOYO A LA GESTIÓN PARA BRINDAR APOYO EN LA ATENCIÓN A USUARIOS; RECEPCIÓN DE QUEJAS; ELABORACIÓN DE PORTADAS DE PROCESOS Y EN LA CONSTRUCCIÓN DE DOCUMENTOS E INFORMES REQUERIDOS EN LOS PROCESOS ADELANTADOS EN LA INSPECCIÓN DE POLICÍA PERMANENTE TURNO 3 EN DESARROLLO DEL A,https://community.secop.gov.co/Public/Tendering/OpportunityDetail/Index?noticeUID=CO1.NTC.4599922&isFromPublicArea=True&isModal=true&asPopupView=true,03.v2.1,,,,,
CO1.PCCNTR.5104904,2023,Alcaldía Distrital de Barrancabermeja,Apoyo a la gestión,Sin rol,,PRESTAR LOS SERVICIOS DE APOYO A LA GESTIÓN PARA EL FORTALECIMIENTO DE LOS PROCESOS DE GESTIÓN DEL RIESGO DE DESASTRE DENTRO DEL PROGRAMA BARRANCABERMEJA BIODIVERSA Y SOSTENIBLE PARA BRINDAR APOYO EN PROYECCIÓN LA GESTIÓN DOCUMENTAL; INFORMES; Y VISITAS QUE SE DEBE REALIZAR DESDE LA SUBSECRETARIA DE,https://community.secop.gov.co/Public/Tendering/OpportunityDetail/Index?noticeUID=CO1.NTC.4600371&isFromPublicArea=True&isModal=true&asPopupView=true,03.v2.1,,,,,
CO1.PCCNTR.5113504,2023,Alcaldía Distrital de Barrancabermeja,Apoyo a la gestión,Sin rol,,PRESTACIÓN DE SERVICIOS DE APOYO A LA GESTIÓN PARA ATENDER LAS ACTIVIDADES DESARROLLADAS DESDE EL GRUPO DE ATENCIÓN VIRTUAL DE LA OFICINA DE RELACIÓN CON EL CIUDADANO DE LA ALCALDÍA DISTRITAL DE BARRANCABERMEJA.,https://community.secop.gov.co/Public/Tendering/OpportunityDetail/Index?noticeUID=CO1.NTC.4609644&isFromPublicArea=True&isModal=true&asPopupView=true,03.v2.1,,,,,
CO1.PCCNTR.5116966,2023,Alcaldía Distrital de Barrancabermeja,Apoyo a la gestión,Sin rol,obra,PRESTACIÓN DE SERVICIOS COMO APOYO A LA GESTIÓN PARA SENSIBILIZAR A LA POBLACIÓN CIVIL SOBRE SUS DERECHOS Y DEBERES EN MATERIA DE CONVIVENCIA; POTENCIANDO SU PARTICIPACIÓN EN LA CONSTRUCCIÓN DE CONDICIONES FAVORABLES EN EL ÁMBITO SOCIAL; CULTURAL Y URBANO EN LAS DIFERENTES COMUNIDADES SEGÚN EL MARCO,https://community.secop.gov.co/Public/Tendering/OpportunityDetail/Index?noticeUID=CO1.NTC.4614210&isFromPublicArea=True&isModal=true&asPopupView=true,03.v2.1,,,,,
CO1.PCCNTR.5117291,2023,Alcaldía Distrital de Barrancabermeja,Apoyo a la gestión,Sin rol,obra,PRESTACIÓN DE SERVICIOS COMO APOYO A LA GESTIÓN PARA SENSIBILIZAR A LA POBLACIÓN CIVIL SOBRE SUS DERECHOS Y DEBERES EN MATERIA DE CONVIVENCIA; POTENCIANDO SU PARTICIPACIÓN EN LA CONSTRUCCIÓN DE CONDICIONES FAVORABLES EN EL ÁMBITO SOCIAL; CULTURAL Y URBANO EN LAS DIFERENTES COMUNIDADES SEGÚN EL MARCO,https://community.secop.gov.co/Public/Tendering/OpportunityDetail/Index?noticeUID=CO1.NTC.4615023&isFromPublicArea=True&isModal=true&asPopupView=true,03.v2.1,,,,,
CO1.PCCNTR.5121207,2023,Alcaldía Distrital de Barrancabermeja,Apoyo a la gestión,Sin rol,obra,PRESTACIÓN DE SERVICIOS COMO APOYO A LA GESTIÓN PARA SENSIBILIZAR A LA POBLACIÓN CIVIL SOBRE SUS DERECHOS Y DEBERES EN MATERIA DE CONVIVENCIA; POTENCIANDO SU PARTICIPACIÓN EN LA CONSTRUCCIÓN DE CONDICIONES FAVORABLES EN EL ÁMBITO SOCIAL; CULTURAL Y URBANO EN LAS DIFERENTES COMUNIDADES SEGÚN EL MARCO,https://community.secop.gov.co/Public/Tendering/OpportunityDetail/Index?noticeUID=CO1.NTC.4618606&isFromPublicArea=True&isModal=true&asPopupView=true,03.v2.1,,,,,
CO1.PCCNTR.5128507,2023,Alcaldía Distrital de Barrancabermeja,Apoyo a la gestión,Sin rol,obra,PRESTACIÓN DE SERVICIOS COMO APOYO A LA GESTIÓN PARA APOYAR DESDE SU CONOCIMIENTO EN EL MANTENIMIENTO DE REDES Y SISTEMAS ELÉCTRICOS EN LAS LABORES DESARROLLADAS POR EL GRUPO DE CONSTRUCCIÓN DE LA SECRETARIA DE INFRAESTRUCTURA EN DESARROLLO DEL PROYECTO FORTALECIMIENTO INSTITUCIONAL Y MEJORAMIENTO C,https://community.secop.gov.co/Public/Tendering/OpportunityDetail/Index?noticeUID=CO1.NTC.4626247&isFromPublicArea=True&isModal=true&asPopupView=true,03.v2.1,,,,,
CO1.PCCNTR.5131787,2023,Alcaldía Distrital de Barrancabermeja,Apoyo a la gestión,Sin rol,,PRESTACIÓN DE SERVICIOS DE APOYO A LA GESTIÓN PARA EL FORTALECIMIENTO AL PROYECTO IMPLEMENTACIÓN DE ACCIONES DE LA POLÍTICA PÚBLICA DE FAMILIAS EN EL DISTRITO DE BARRANCABERMEJA.,https://community.secop.gov.co/Public/Tendering/OpportunityDetail/Index?noticeUID=CO1.NTC.4629996&isFromPublicArea=True&isModal=true&asPopupView=true,03.v2.1,,,,,
CO1.PCCNTR.5132304,2023,Alcaldía Distrital de Barrancabermeja,Apoyo a la gestión,Sin rol,,PRESTACIÓN DE SERVICIOS DE APOYO A LA GESTIÓN PARA EL FORTALECIMIENTO AL PROYECTO IMPLEMENTACIÓN DE ACCIONES DE LA POLÍTICA PÚBLICA DE FAMILIAS EN EL DISTRITO DE BARRANCABERMEJA,https://community.secop.gov.co/Public/Tendering/OpportunityDetail/Index?noticeUID=CO1.NTC.4630607&isFromPublicArea=True&isModal=true&asPopupView=true,03.v2.1,,,,,
CO1.PCCNTR.5135083,2023,Alcaldía Distrital de Barrancabermeja,Apoyo a la gestión,Sin rol,obra,PRESTACIÓN DE SERVICIOS COMO APOYO A LA GESTIÓN PARA SENSIBILIZAR A LA POBLACIÓN CIVIL SOBRE SUS DERECHOS Y DEBERES EN MATERIA DE CONVIVENCIA; POTENCIANDO SU PARTICIPACIÓN EN LA CONSTRUCCIÓN DE CONDICIONES FAVORABLES EN EL ÁMBITO SOCIAL; CULTURAL Y URBANO EN LAS DIFERENTES COMUNIDADES SEGÚN EL MARCO,https://community.secop.gov.co/Public/Tendering/OpportunityDetail/Index?noticeUID=CO1.NTC.4633477&isFromPublicArea=True&isModal=true&asPopupView=true,03.v2.1,,,,,
CO1.PCCNTR.5135525,2023,Alcaldía Distrital de Barrancabermeja,Apoyo a la gestión,Sin rol,obra,PRESTACIÓN DE SERVICIOS COMO APOYO A LA GESTIÓN PARA SENSIBILIZAR A LA POBLACIÓN CIVIL SOBRE SUS DERECHOS Y DEBERES EN MATERIA DE CONVIVENCIA; POTENCIANDO SU PARTICIPACIÓN EN LA CONSTRUCCIÓN DE CONDICIONES FAVORABLES EN EL ÁMBITO SOCIAL; CULTURAL Y URBANO EN LAS DIFERENTES COMUNIDADES SEGÚN EL MARCO,https://community.secop.gov.co/Public/Tendering/OpportunityDetail/Index?noticeUID=CO1.NTC.4634018&isFromPublicArea=True&isModal=true&asPopupView=true,03.v2.1,,,,,
CO1.PCCNTR.5136127,2023,Alcaldía Distrital de Barrancabermeja,Apoyo a la gestión,Sin rol,obra,PRESTACIÓN DE SERVICIOS COMO APOYO A LA GESTIÓN PARA SENSIBILIZAR A LA POBLACIÓN CIVIL SOBRE SUS DERECHOS Y DEBERES EN MATERIA DE CONVIVENCIA; POTENCIANDO SU PARTICIPACIÓN EN LA CONSTRUCCIÓN DE CONDICIONES FAVORABLES EN EL ÁMBITO SOCIAL; CULTURAL Y URBANO EN LAS DIFERENTES COMUNIDADES SEGÚN EL MARCO,https://community.secop.gov.co/Public/Tendering/OpportunityDetail/Index?noticeUID=CO1.NTC.4634660&isFromPublicArea=True&isModal=true&asPopupView=true,03.v2.1,,,,,
CO1.PCCNTR.5139171,2023,Alcaldía Distrital de Barrancabermeja,Apoyo a la gestión,Sin rol,,PRESTAR SERVICIOS DE APOYO A LA GESTIÓN EN LA ELABORACIÓN DE LOS INVENTARIOS DOCUMENTALES DE LAS LICENCIAS URBANÍSTICAS VIGENCIA 2015 QUE SE ENCUENTRAN EN EL ARCHIVO CENTRAL DE LA ALCALDÍA DISTRITAL DE BARRANCABERMEJA COMO ACTIVIDAD DE LA SECRETARIA DE CULTURA; TURISMO Y PATRIMONIO,https://community.secop.gov.co/Public/Tendering/OpportunityDetail/Index?noticeUID=CO1.NTC.4637978&isFromPublicArea=True&isModal=true&asPopupView=true,03.v2.1,,,,,
CO1.PCCNTR.5142600,2023,Alcaldía Distrital de Barrancabermeja,Apoyo a la gestión,Sin rol,,PRESTACIÓN DE SERVICIOS COMO APOYO A LA GESTIÓN PARA EJECUTAR LAS CAMPAÑAS DE SEGURIDAD Y PROTECCIÓN DE LOS DERECHOS CIUDADANOS CON ENFOQUE DIFERENCIAL; CONTRIBUYENDO A LA REDUCCIÓN DE LOS DIFERENTES TIPOS DE VIOLENCIA SEGÚN EL MARCO DEL PROYECTO APOYO A LA PROMOCIÓN DE ENTORNOS SEGUROS PARA LA CONV,https://community.secop.gov.co/Public/Tendering/OpportunityDetail/Index?noticeUID=CO1.NTC.4641233&isFromPublicArea=True&isModal=true&asPopupView=true,03.v2.1,,,,,
CO1.PCCNTR.5142919,2023,Alcaldía Distrital de Barrancabermeja,Apoyo a la gestión,Sin rol,obra,PRESTACIÓN DE SERVICIOS COMO APOYO A LA GESTIÓN PARA SENSIBILIZAR A LA POBLACIÓN CIVIL SOBRE SUS DERECHOS Y DEBERES EN MATERIA DE CONVIVENCIA; POTENCIANDO SU PARTICIPACIÓN EN LA CONSTRUCCIÓN DE CONDICIONES FAVORABLES EN EL ÁMBITO SOCIAL; CULTURAL Y URBANO EN LAS DIFERENTES COMUNIDADES SEGÚN EL MARCO,https://community.secop.gov.co/Public/Tendering/OpportunityDetail/Index?noticeUID=CO1.NTC.4641315&isFromPublicArea=True&isModal=true&asPopupView=true,03.v2.1,,,,,
CO1.PCCNTR.5145276,2023,Alcaldía Distrital de Barrancabermeja,Apoyo a la gestión,Sin rol,obra,PRESTACIÓN DE SERVICIOS COMO APOYO A LA GESTIÓN PARA SENSIBILIZAR A LA POBLACIÓN CIVIL SOBRE SUS DERECHOS Y DEBERES EN MATERIA DE CONVIVENCIA; POTENCIANDO SU PARTICIPACIÓN EN LA CONSTRUCCIÓN DE CONDICIONES FAVORABLES EN EL ÁMBITO SOCIAL; CULTURAL Y URBANO EN LAS DIFERENTES COMUNIDADES SEGÚN EL MARCO,https://community.secop.gov.co/Public/Tendering/OpportunityDetail/Index?noticeUID=CO1.NTC.4643969&isFromPublicArea=True&isModal=true&asPopupView=true,03.v2.1,,,,,
CO1.PCCNTR.5145368,2023,Alcaldía Distrital de Barrancabermeja,Apoyo a la gestión,Sin rol,obra,PRESTACIÓN DE SERVICIOS COMO APOYO A LA GESTIÓN PARA SENSIBILIZAR A LA POBLACIÓN CIVIL SOBRE SUS DERECHOS Y DEBERES EN MATERIA DE CONVIVENCIA; POTENCIANDO SU PARTICIPACIÓN EN LA CONSTRUCCIÓN DE CONDICIONES FAVORABLES EN EL ÁMBITO SOCIAL; CULTURAL Y URBANO EN LAS DIFERENTES COMUNIDADES SEGÚN EL MARCO,https://community.secop.gov.co/Public/Tendering/OpportunityDetail/Index?noticeUID=CO1.NTC.4644222&isFromPublicArea=True&isModal=true&asPopupView=true,03.v2.1,,,,,
CO1.PCCNTR.5145491,2023,Alcaldía Distrital de Barrancabermeja,Apoyo a la gestión,Sin rol,obra,PRESTACIÓN DE SERVICIOS COMO APOYO A LA GESTIÓN PARA SENSIBILIZAR A LA POBLACIÓN CIVIL SOBRE SUS DERECHOS Y DEBERES EN MATERIA DE CONVIVENCIA; POTENCIANDO SU PARTICIPACIÓN EN LA CONSTRUCCIÓN DE CONDICIONES FAVORABLES EN EL ÁMBITO SOCIAL; CULTURAL Y URBANO EN LAS DIFERENTES COMUNIDADES SEGÚN EL MARCO,https://community.secop.gov.co/Public/Tendering/OpportunityDetail/Index?noticeUID=CO1.NTC.4644418&isFromPublicArea=True&isModal=true&asPopupView=true,03.v2.1,,,,,
CO1.PCCNTR.5146011,2023,Alcaldía Distrital de Barrancabermeja,Apoyo a la gestión,Sin rol,obra,PRESTACIÓN DE SERVICIOS COMO APOYO A LA GESTIÓN PARA SENSIBILIZAR A LA POBLACIÓN CIVIL SOBRE SUS DERECHOS Y DEBERES EN MATERIA DE CONVIVENCIA; POTENCIANDO SU PARTICIPACIÓN EN LA CONSTRUCCIÓN DE CONDICIONES FAVORABLES EN EL ÁMBITO SOCIAL; CULTURAL Y URBANO EN LAS DIFERENTES COMUNIDADES SEGÚN EL MARCO,https://community.secop.gov.co/Public/Tendering/OpportunityDetail/Index?noticeUID=CO1.NTC.4644313&isFromPublicArea=True&isModal=true&asPopupView=true,03.v2.1,,,,,
CO1.PCCNTR.5146291,2023,Alcaldía Distrital de Barrancabermeja,Apoyo a la gestión,Sin rol,obra,PRESTACIÓN DE SERVICIOS COMO APOYO A LA GESTIÓN PARA SENSIBILIZAR A LA POBLACIÓN CIVIL SOBRE SUS DERECHOS Y DEBERES EN MATERIA DE CONVIVENCIA; POTENCIANDO SU PARTICIPACIÓN EN LA CONSTRUCCIÓN DE CONDICIONES FAVORABLES EN EL ÁMBITO SOCIAL; CULTURAL Y URBANO EN LAS DIFERENTES COMUNIDADES SEGÚN EL MARCO,https://community.secop.gov.co/Public/Tendering/OpportunityDetail/Index?noticeUID=CO1.NTC.4645041&isFromPublicArea=True&isModal=true&asPopupView=true,03.v2.1,,,,,
CO1.PCCNTR.5146528,2023,Alcaldía Distrital de Barrancabermeja,Apoyo a la gestión,Sin rol,obra,PRESTACIÓN DE SERVICIOS COMO APOYO A LA GESTIÓN PARA SENSIBILIZAR A LA POBLACIÓN CIVIL SOBRE SUS DERECHOS Y DEBERES EN MATERIA DE CONVIVENCIA; POTENCIANDO SU PARTICIPACIÓN EN LA CONSTRUCCIÓN DE CONDICIONES FAVORABLES EN EL ÁMBITO SOCIAL; CULTURAL Y URBANO EN LAS DIFERENTES COMUNIDADES SEGÚN EL MARCO,https://community.secop.gov.co/Public/Tendering/OpportunityDetail/Index?noticeUID=CO1.NTC.4645111&isFromPublicArea=True&isModal=true&asPopupView=true,03.v2.1,,,,,
CO1.PCCNTR.5146644,2023,Alcaldía Distrital de Barrancabermeja,Apoyo a la gestión,Sin rol,obra,PRESTACIÓN DE SERVICIOS COMO APOYO A LA GESTIÓN PARA SENSIBILIZAR A LA POBLACIÓN CIVIL SOBRE SUS DERECHOS Y DEBERES EN MATERIA DE CONVIVENCIA; POTENCIANDO SU PARTICIPACIÓN EN LA CONSTRUCCIÓN DE CONDICIONES FAVORABLES EN EL ÁMBITO SOCIAL; CULTURAL Y URBANO EN LAS DIFERENTES COMUNIDADES SEGÚN EL MARCO,https://community.secop.gov.co/Public/Tendering/OpportunityDetail/Index?noticeUID=CO1.NTC.4645337&isFromPublicArea=True&isModal=true&asPopupView=true,03.v2.1,,,,,
CO1.PCCNTR.5146668,2023,Alcaldía Distrital de Barrancabermeja,Apoyo a la gestión,Sin rol,obra,PRESTACIÓN DE SERVICIOS COMO APOYO A LA GESTIÓN PARA SENSIBILIZAR A LA POBLACIÓN CIVIL SOBRE SUS DERECHOS Y DEBERES EN MATERIA DE CONVIVENCIA; POTENCIANDO SU PARTICIPACIÓN EN LA CONSTRUCCIÓN DE CONDICIONES FAVORABLES EN EL ÁMBITO SOCIAL; CULTURAL Y URBANO EN LAS DIFERENTES COMUNIDADES SEGÚN EL MARCO,https://community.secop.gov.co/Public/Tendering/OpportunityDetail/Index?noticeUID=CO1.NTC.4645274&isFromPublicArea=True&isModal=true&asPopupView=true,03.v2.1,,,,,
CO1.PCCNTR.5147040,2023,Alcaldía Distrital de Barrancabermeja,Apoyo a la gestión,Sin rol,obra,PRESTACIÓN DE SERVICIOS COMO APOYO A LA GESTIÓN PARA SENSIBILIZAR A LA POBLACIÓN CIVIL SOBRE SUS DERECHOS Y DEBERES EN MATERIA DE CONVIVENCIA; POTENCIANDO SU PARTICIPACIÓN EN LA CONSTRUCCIÓN DE CONDICIONES FAVORABLES EN EL ÁMBITO SOCIAL; CULTURAL Y URBANO EN LAS DIFERENTES COMUNIDADES SEGÚN EL MARCO,https://community.secop.gov.co/Public/Tendering/OpportunityDetail/Index?noticeUID=CO1.NTC.4645374&isFromPublicArea=True&isModal=true&asPopupView=true,03.v2.1,,,,,
CO1.PCCNTR.5147217,2023,Alcaldía Distrital de Barrancabermeja,Apoyo a la gestión,Sin rol,obra,PRESTACIÓN DE SERVICIOS COMO APOYO A LA GESTIÓN PARA SENSIBILIZAR A LA POBLACIÓN CIVIL SOBRE SUS DERECHOS Y DEBERES EN MATERIA DE CONVIVENCIA; POTENCIANDO SU PARTICIPACIÓN EN LA CONSTRUCCIÓN DE CONDICIONES FAVORABLES EN EL ÁMBITO SOCIAL; CULTURAL Y URBANO EN LAS DIFERENTES COMUNIDADES SEGÚN EL MARCO,https://community.secop.gov.co/Public/Tendering/OpportunityDetail/Index?noticeUID=CO1.NTC.4645628&isFromPublicArea=True&isModal=true&asPopupView=true,03.v2.1,,,,,
CO1.PCCNTR.5147762,2023,Alcaldía Distrital de Barrancabermeja,Apoyo a la gestión,Sin rol,obra,PRESTACIÓN DE SERVICIOS COMO APOYO A LA GESTIÓN PARA SENSIBILIZAR A LA POBLACIÓN CIVIL SOBRE SUS DERECHOS Y DEBERES EN MATERIA DE CONVIVENCIA; POTENCIANDO SU PARTICIPACIÓN EN LA CONSTRUCCIÓN DE CONDICIONES FAVORABLES EN EL ÁMBITO SOCIAL; CULTURAL Y URBANO EN LAS DIFERENTES COMUNIDADES SEGÚN EL MARCO,https://community.secop.gov.co/Public/Tendering/OpportunityDetail/Index?noticeUID=CO1.NTC.4646258&isFromPublicArea=True&isModal=true&asPopupView=true,03.v2.1,,,,,
CO1.PCCNTR.5148424,2023,Alcaldía Distrital de Barrancabermeja,Apoyo a la gestión,Sin rol,obra,PRESTACIÓN DE SERVICIOS COMO APOYO A LA GESTIÓN PARA SENSIBILIZAR A LA POBLACIÓN CIVIL SOBRE SUS DERECHOS Y DEBERES EN MATERIA DE CONVIVENCIA; POTENCIANDO SU PARTICIPACIÓN EN LA CONSTRUCCIÓN DE CONDICIONES FAVORABLES EN EL ÁMBITO SOCIAL; CULTURAL Y URBANO EN LAS DIFERENTES COMUNIDADES SEGÚN EL MARCO,https://community.secop.gov.co/Public/Tendering/OpportunityDetail/Index?noticeUID=CO1.NTC.4646805&isFromPublicArea=True&isModal=true&asPopupView=true,03.v2.1,,,,,
CO1.PCCNTR.5148921,2023,Alcaldía Distrital de Barrancabermeja,Apoyo a la gestión,Sin rol,obra,PRESTACIÓN DE SERVICIOS COMO APOYO A LA GESTIÓN PARA SENSIBILIZAR A LA POBLACIÓN CIVIL SOBRE SUS DERECHOS Y DEBERES EN MATERIA DE CONVIVENCIA; POTENCIANDO SU PARTICIPACIÓN EN LA CONSTRUCCIÓN DE CONDICIONES FAVORABLES EN EL ÁMBITO SOCIAL; CULTURAL Y URBANO EN LAS DIFERENTES COMUNIDADES SEGÚN EL MARCO,https://community.secop.gov.co/Public/Tendering/OpportunityDetail/Index?noticeUID=CO1.NTC.4646869&isFromPublicArea=True&isModal=true&asPopupView=true,03.v2.1,,,,,
CO1.PCCNTR.5149169,2023,Alcaldía Distrital de Barrancabermeja,Apoyo a la gestión,Sin rol,obra,PRESTACIÓN DE SERVICIOS COMO APOYO A LA GESTIÓN PARA SENSIBILIZAR A LA POBLACIÓN CIVIL SOBRE SUS DERECHOS Y DEBERES EN MATERIA DE CONVIVENCIA; POTENCIANDO SU PARTICIPACIÓN EN LA CONSTRUCCIÓN DE CONDICIONES FAVORABLES EN EL ÁMBITO SOCIAL; CULTURAL Y URBANO EN LAS DIFERENTES COMUNIDADES SEGÚN EL MARCO,https://community.secop.gov.co/Public/Tendering/OpportunityDetail/Index?noticeUID=CO1.NTC.4647613&isFromPublicArea=True&isModal=true&asPopupView=true,03.v2.1,,,,,
CO1.PCCNTR.5152696,2023,Alcaldía Distrital de Barrancabermeja,Apoyo a la gestión,Sin rol,obra,PRESTACIÓN DE SERVICIOS COMO APOYO A LA GESTIÓN PARA SENSIBILIZAR A LA POBLACIÓN CIVIL SOBRE SUS DERECHOS Y DEBERES EN MATERIA DE CONVIVENCIA; POTENCIANDO SU PARTICIPACIÓN EN LA CONSTRUCCIÓN DE CONDICIONES FAVORABLES EN EL ÁMBITO SOCIAL; CULTURAL Y URBANO EN LAS DIFERENTES COMUNIDADES SEGÚN EL MARCO,https://community.secop.gov.co/Public/Tendering/OpportunityDetail/Index?noticeUID=CO1.NTC.4650518&isFromPublicArea=True&isModal=true&asPopupView=true,03.v2.1,,,,,
CO1.PCCNTR.5152765,2023,Alcaldía Distrital de Barrancabermeja,Apoyo a la gestión,Sin rol,obra,PRESTACIÓN DE SERVICIOS COMO APOYO A LA GESTIÓN PARA SENSIBILIZAR A LA POBLACIÓN CIVIL SOBRE SUS DERECHOS Y DEBERES EN MATERIA DE CONVIVENCIA; POTENCIANDO SU PARTICIPACIÓN EN LA CONSTRUCCIÓN DE CONDICIONES FAVORABLES EN EL ÁMBITO SOCIAL; CULTURAL Y URBANO EN LAS DIFERENTES COMUNIDADES SEGÚN EL MARCO,https://community.secop.gov.co/Public/Tendering/OpportunityDetail/Index?noticeUID=CO1.NTC.4650081&isFromPublicArea=True&isModal=true&asPopupView=true,03.v2.1,,,,,
CO1.PCCNTR.5155415,2023,Alcaldía Distrital de Barrancabermeja,Apoyo a la gestión,Apoyo a la gestión,,PRESTACIÓN DE SERVICIOS COMO TÉCNICO EN LABORES DE CARTOGRAFÍA; EN DESARROLLO DEL PROYECTO ACTUALIZACIÓN E IMPLEMENTACIÓN DEL POT DEL DISTRITO DE BARRANCABERMEJA; SANTANDER.,https://community.secop.gov.co/Public/Tendering/OpportunityDetail/Index?noticeUID=CO1.NTC.4652294&isFromPublicArea=True&isModal=true&asPopupView=true,03.v2.1,,,,,
CO1.PCCNTR.5570820,2023,Alcaldía Distrital de Barrancabermeja,Apoyo a la gestión,Apoyo a la gestión,,PRESTACION DE SERVICIOS DE APOYO A LA GESTION COMO TECNOLOGO QUIMICO PARA ACOMPAÑAR LAS ACTIVIDADES DESARROLLADAS DESDE LA SECRETARIA DE MEDIO AMBIENTE DE LA ALCALDIA DE BARRANCABERMEJA EN EL MARCO DEL PROYECTO DE FORTALECIMIENTO INSTITUCIONAL Y MEJORAMIENTO CONTINUO DE LOS PROCESOS Y LAS POLITICAS,https://community.secop.gov.co/Public/Tendering/OpportunityDetail/Index?noticeUID=CO1.NTC.5205758&isFromPublicArea=True&isModal=true&asPopupView=true,03.v2.1,,,,,
CO1.PCCNTR.4438525,2023,Alcaldía Distrital de Barrancabermeja,Profesional,Profesional,,PRESTAR LOS SERVICIOS PROFESIONALES COMO INGENIERO INDUSTRIAL ESPECIALIZADO PARA ASESORAR LA ESTRUCTURACIÓN DE LOS ASPECTOS TÉCNICOS Y FINANCIEROS DE LOS PROCESOS DE SELECCIÓN DE CONTRATISTAS DEL DISTRITO EN EL MARCO DEL PROYECTO FORTALECIMIENTO INSTITUCIONAL Y MEJORAMIENTO CONTINUO DE LOS PROCESOS,https://community.secop.gov.co/Public/Tendering/OpportunityDetail/Index?noticeUID=CO1.NTC.3796729&isFromPublicArea=True&isModal=true&asPopupView=true,03.v2.1,,,,,
CO1.PCCNTR.4452634,2023,Alcaldía Distrital de Barrancabermeja,Profesional,Profesional,,PRESTAR SERVICIOS PROFESIONALES COMO ECONOMISTA ESPECIALISTA PARA APOYAR LAS DIFERENTES ACTIVIDADES Y REQUERIMIENTOS DESDE LA SECRETARIA DEL INTERIOR EN MARCO DEL PROYECTO FORTALECIMIENTO TÉCNICO; JURÍDICO Y ADMINISTRATIVO DE LA SECRETARÍA DEL INTERIOR DEL DISTRITO DE BARRANCABERMEJA,https://community.secop.gov.co/Public/Tendering/OpportunityDetail/Index?noticeUID=CO1.NTC.3813012&isFromPublicArea=True&isModal=true&asPopupView=true,03.v2.1,,,,,
CO1.PCCNTR.4514672,2023,Alcaldía Distrital de Barrancabermeja,Profesional,Profesional,,PRESTACIÓN DE SERVICIOS PROFESIONALES COMO INGENIERO CIVIL ESPECIALISTA EN LA GESTIÓN TÉCNICA; SEGUIMIENTO Y EJECUCIÓN PARA SERVICIOS DE ASESORÍA EN INGENIERÍA EN DESARROLLO DEL PROYECTO ADQUISICIÓN DE PREDIOS Y ACCIONES COMPLEMENTARIAS DE GESTIÓN; APOYO Y SEGUIMIENTO PARA LA INFRAESTRUCTURA ESTRATÉ,https://community.secop.gov.co/Public/Tendering/OpportunityDetail/Index?noticeUID=CO1.NTC.3878307&isFromPublicArea=True&isModal=true&asPopupView=true,03.v2.1,,,,,
CO1.PCCNTR.4556712,2023,Alcaldía Distrital de Barrancabermeja,Profesional,Profesional,,PRESTAR LOS SERVICIOS PROFESIONALES COMO CONTADORA PUBLICA PARA BRINDAR APOYO EN LA REVISIÓN Y ELABORACIÓN DE INFORMES Y ACTAS; APOYAR CON LA SUPERVISIÓN DE CONVENIOS Y CONTRATOS Y BRINDAR CAPACITACIÓN A LAS DIFERENTES CONTRATISTAS Y ASOCIADOS EN TEMAS FINANCIEROS Y CONTABLES DENTRO EL MARCO DEL PRO,https://community.secop.gov.co/Public/Tendering/OpportunityDetail/Index?noticeUID=CO1.NTC.3924293&isFromPublicArea=True&isModal=true&asPopupView=true,03.v2.1,,,,,
CO1.PCCNTR.4576336,2023,Alcaldía Distrital de Barrancabermeja,Profesional,Profesional,,PRESTACION DE SERVICIOS PROFESIONALES COMO ADMINISTRADOR DE EMPRESAS ESPECIALISTA; EN DESARROLLO DEL PROYECTO FORTALECIMIENTO EN EL DESARROLLO DE LOS PROCESOS INTERNOS DE LA SECRETARÍA DE PLANEACIÓN DISTRITAL EN BARRANCABERMEJA; SANTANDER.,https://community.secop.gov.co/Public/Tendering/OpportunityDetail/Index?noticeUID=CO1.NTC.3947302&isFromPublicArea=True&isModal=true&asPopupView=true,03.v2.1,,,,,
CO1.PCCNTR.4747653,2023,Alcaldía Distrital de Barrancabermeja,Profesional,Profesional,,PRESTACION DE SERVICIOS PROFESIONALES COMO PSICÓLOGA PARA BRINDAR ACOMPAÑAMIENTO A LOS PROGRAMAS DE LA DIRECCION DE TRANSFERENCIAS MONETARIAS CONDICIONADAS PARA LA OPERACIÓN DE LOS PROGRAMAS DE FAMILIAS EN ACCION Y JOVENES EN ACCION DEL DISTRITO DE BARRANCABERMEJA.,https://community.secop.gov.co/Public/Tendering/OpportunityDetail/Index?noticeUID=CO1.NTC.4143702&isFromPublicArea=True&isModal=true&asPopupView=true,03.v2.1,,,,,
CO1.PCCNTR.5081137,2023,Alcaldía Distrital de Barrancabermeja,Profesional,Profesional,,PRESTACION DE SERVICIOS PROFESIONALES COMO ESPECIALISTA PARA ASESORAR Y APOYAR TÉCNICAMENTE LA SECRETARÍA DE HACIENDA Y DEL TESORO ÁREA DE PRESUPUESTO EN EL SISTEMA PRESUPUESTAL EN DESARROLLO DEL PROYECTO FORTALECIMIENTO A LA GESTIÓN FINANCIERA DEL DISTRITO DE BARRANCABERMEJA SANTANDER,https://community.secop.gov.co/Public/Tendering/OpportunityDetail/Index?noticeUID=CO1.NTC.4572261&isFromPublicArea=True&isModal=true&asPopupView=true,03.v2.1,,,,,
CO1.PCCNTR.5117290,2023,Alcaldía Distrital de Barrancabermeja,Profesional,Profesional,,PRESTACIÓN DE SERVICIOS PROFESIONALES DE INGENIERO INDUSTRIAL PARA EL DESARROLLO DE LAS ACTIVIDADES ADMINISTRATIVAS DE APOYO A LA GESTIÓN DE LAS COMPETENCIAS ASIGNADAS A LA DIMENSIÓN DE LA SECRETARIA LOCAL DE SALUD DEL DISTRITO DE BARRANCABERMEJA.,https://community.secop.gov.co/Public/Tendering/OpportunityDetail/Index?noticeUID=CO1.NTC.4614671&isFromPublicArea=True&isModal=true&asPopupView=true,03.v2.1,,,,,
CO1.PCCNTR.5135377,2023,Alcaldía Distrital de Barrancabermeja,Profesional,Profesional,,PRESTACION DE SERVICIOS PROFESIONALES COMO LICENCIADA EN PEDAGOGIA INFANTIL PARA BRINDAR ACOMPAÑAMIENTO AL PROYECTO IMPLEMENTACIÓN DE LA POLÍTICA PÚBLICA PARA LA ATENCIÓN Y PREVENCIÓN INTEGRAL DE LOS NIÑOS; NIÑAS Y ADOLESCENTES EN EL DISTRITO DE BARRANCABERMEJA,https://community.secop.gov.co/Public/Tendering/OpportunityDetail/Index?noticeUID=CO1.NTC.4633540&isFromPublicArea=True&isModal=true&asPopupView=true,03.v2.1,,,,,
CO1.PCCNTR.5136475,2023,Alcaldía Distrital de Barrancabermeja,Profesional,Profesional,,PRESTACION DE SERVICIOS PROFESIONALES COMO INGENIERO CIVIL EN LA GESTION TECNICA; SEGUIMIENTO Y EJECUCION PARA SERVICIOS DE ASESORIA EN INGENIERIA EN DESARROLLO DEL PROYECTO ADQUISICIÓN DE PREDIOS Y ACCIONES COMPLEMENTARIAS DE GESTIÓN; APOYO Y SEGUIMIENTO PARA LA INFRAESTRUCTURA ESTRATÉGICA DEL DIST,https://community.secop.gov.co/Public/Tendering/OpportunityDetail/Index?noticeUID=CO1.NTC.4635158&isFromPublicArea=True&isModal=true&asPopupView=true,03.v2.1,,,,,
CO1.PCCNTR.5151269,2023,Alcaldía Distrital de Barrancabermeja,Profesional,Profesional,,PRESTACIÓN DE SERVICIOS PROFESIONALES COMO ABOGADO ESPECIALISTA PARA BRINDAR ASESORÍA EN ASUNTOS ADMINISTRATIVOS Y CONTRACTUALES EN LA GESTIÓN MOBILIARIA E INMOBILIARIA A CARGO DE LA SECRETARÍA DE RECURSO FÍSICO EN EL MARCO DEL PROYECTO DE FORTALECIMIENTO INSTITUCIONAL A LA GESTIÓN ADMINISTRATIVA; J,https://community.secop.gov.co/Public/Tendering/OpportunityDetail/Index?noticeUID=CO1.NTC.4648590&isFromPublicArea=True&isModal=true&asPopupView=true,03.v2.1,,,,,
CO1.PCCNTR.5153089,2023,Alcaldía Distrital de Barrancabermeja,Profesional,Profesional,,PRESTACIÓN DE SERVICIOS PROFESIONALES COMO ADMINISTRADOR DE EMPRESAS PARA BRINDAR APOYO A LA SECRETARIA DE HACIENDA Y DEL TESORO; ÁREA DE IMPUESTO EN EL PROCESO ADMINISTRATIVO DE LA GESTIÓN PÚBLICA; EN DESARROLLO DEL PROYECTO FORTALECIMIENTO A LA GESTIÓN FINANCIERA DEL DISTRITO DE BARRANCABERMEJA; S,https://community.secop.gov.co/Public/Tendering/OpportunityDetail/Index?noticeUID=CO1.NTC.4650683&isFromPublicArea=True&isModal=true&asPopupView=true,03.v2.1,,,,,
CO1.PCCNTR.5155124,2023,Alcaldía Distrital de Barrancabermeja,Profesional,Profesional,,PRESTACIÓN DE SERVICIOS PROFESIONALES COMO ADMINISTRADOR DE EMPRESAS; EN DESARROLLO DEL PROYECTO FORTALECIMIENTO EN EL DESARROLLO DE LOS PROCESOS INTERNOS DE LA SECRETARÍA DE PLANEACIÓN DISTRITAL EN BARRANCABERMEJA; SANTANDER.,https://community.secop.gov.co/Public/Tendering/OpportunityDetail/Index?noticeUID=CO1.NTC.4652321&isFromPublicArea=True&isModal=true&asPopupView=true,03.v2.1,,,,,
CO1.PCCNTR.5155131,2023,Alcaldía Distrital de Barrancabermeja,Profesional,Profesional,,PRESTACIÓN DE SERVICIOS PROFESIONALES COMO PSICÓLOGA PARA BRINDAR ACOMPAÑAMIENTO A LOS PROGRAMAS DE LA DIRECCIÓN DE TRANSFERENCIAS MONETARIAS CONDICIONADAS PARA LA OPERACIÓN DE LOS PROGRAMAS DE FAMILIAS EN ACCIÓN Y JOVENES EN ACCIÓN DEL DISTRITO DE BARRANCABERMEJA,https://community.secop.gov.co/Public/Tendering/OpportunityDetail/Index?noticeUID=CO1.NTC.4652328&isFromPublicArea=True&isModal=true&asPopupView=true,03.v2.1,,,,,
CO1.PCCNTR.5702666,2023,Alcaldía Distrital de Barrancabermeja,Profesional,Profesional,,PRESTACIÓN DESERVICIOS PROFESIONALES COMO ABOGADA EN LA GESTIÓN DE SERVICIOS JURÍDICOS EN DESARROLLO DEL PROYECTO ADQUISICIÓN DE PREDIOS Y ACCIONES COMPLEMENTARIAS DE GESTIÓN; APOYO Y SEGUIMIENTO PARA LA INFRAESTRUCTURA ESTRATEGICA DEL DISTRITO DE BARRANCABERMEJA,https://community.secop.gov.co/Public/Tendering/OpportunityDetail/Index?noticeUID=CO1.NTC.5365404&isFromPublicArea=True&isModal=true&asPopupView=true,03.v2.1,,,,,
CO1.PCCNTR.5872527,2024,Alcaldía Distrital de Barrancabermeja,Ambiguo,Sin rol,,CONSTANCIA VIGENTE DE AFILIACION A EPS Y PENSIONES; O PAGO DE APORTES AL SISTEMA GENERAL DE SEGURIDAD SOCIAL INTEGRADA,https://community.secop.gov.co/Public/Tendering/OpportunityDetail/Index?noticeUID=CO1.NTC.5571001&isFromPublicArea=True&isModal=true&asPopupView=true,03.v2.1,,,,,
CO1.PCCNTR.6028823,2024,Alcaldía Distrital de Barrancabermeja,Ambiguo,Sin rol,,PRESTAR SERVICIOS EN PRODUCCION AUDIOVISUAL Y MUSICAL PARA APOYAR ACTIVIDADES TECNOLOGICAS Y FORTALECER EL DESARROLLO DEL PROYECTO FORTALECIMIENTO INSTITUCIONAL DEL SECTOR PUBLICO DE TECNOLOGIAS Y COMUNICACIÓN DEL DISTRITO; BARRANCABERMEJA,https://community.secop.gov.co/Public/Tendering/OpportunityDetail/Index?noticeUID=CO1.NTC.5757574&isFromPublicArea=True&isModal=true&asPopupView=true,03.v2.1,,,,,
CO1.PCCNTR.6314729,2024,Alcaldía Distrital de Barrancabermeja,Ambiguo,Sin rol,,PRESTACIÓN DE SERVICIOS COMO COMUNICADOR(A) SOCIAL PARA CREAR E INNOVAR CON CONTENIDO DE VALOR; QUE PERMITA PROMOVER; ORGANIZAR; VISIBILIZAR Y DIVULGAR LAS ACTIVIDADES; LOS PROGRAMAS Y SERVICIOS DE LA SECRETARÍA DE EMPLEO; EMPRESA Y EMPRENDIMIENTO A CADA NICHO ESTRATÉGICO; A TRAVÉS DE LOS DIFERENTES,https://community.secop.gov.co/Public/Tendering/OpportunityDetail/Index?noticeUID=CO1.NTC.6109333&isFromPublicArea=True&isModal=true&asPopupView=true,03.v2.1,,,,,
CO1.PCCNTR.6373208,2024,Alcaldía Distrital de Barrancabermeja,Ambiguo,Sin rol,,PRESTAR SUS SERVICIOS PROFESIONALES COMO  ADMINISTRADOR (A) DE EMPRESAS EN  LAS ACTIVIDADES QUE SE DESARROLLEN DENTRO DE LA EJECUCION DEL PROYECTO  APOYO A LA GESTION TÉCNICA Y PROFESIONAL PARA EL FORTALECIMIENTO DE LA GESTIÓN DEL RIESGO DE DESASTRES EN LA VIGENCIA 2023 DEL DISTRITO DE BARRANCABERME,https://community.secop.gov.co/Public/Tendering/OpportunityDetail/Index?noticeUID=CO1.NTC.6185247&isFromPublicArea=True&isModal=true&asPopupView=true,03.v2.1,,,,,
CO1.PCCNTR.6385443,2024,Alcaldía Distrital de Barrancabermeja,Ambiguo,Sin rol,,PRESTACIÓN DE SERVICIOS PROFESIONALES COMO TRABAJORA SOCIALES APOYANDO LAS ACTIVIDADES SE ADELANTEN DESDE LA SUBSECRETARIA DE GESTIÓN DEL RIESGO EN AL PROYECTO APOYO A LA GESTIÓN TÉCNICA Y PROFESIONAL PARA EL FORTALECIMIENTO DE LA GESTIÓN DEL RIESGO DE DESASTRES EN LA VIGENCIA 2023 DEL DISTRITO DE B,https://community.secop.gov.co/Public/Tendering/OpportunityDetail/Index?noticeUID=CO1.NTC.6203389&isFromPublicArea=True&isModal=true&asPopupView=true,03.v2.1,,,,,
CO1.PCCNTR.6419904,2024,Alcaldía Distrital de Barrancabermeja,Ambiguo,Sin rol,,PRESTACION DE SERVICIOS PPROFESIONALES PARA BRINDAR ACOMPAÑAMIENTO A LAS ACTIVIDADES DESARROLLADAS DESDE EL GRUPO DE SEGURIDAD Y SALUD EN EL TRABAJO DE LA ALCALDIA DISTRITAL DE BARRANCABERMEJA.,https://community.secop.gov.co/Public/Tendering/OpportunityDetail/Index?noticeUID=CO1.NTC.6250049&isFromPublicArea=True&isModal=true&asPopupView=true,03.v2.1,,,,,
CO1.PCCNTR.6873367,2024,Alcaldía Distrital de Barrancabermeja,Ambiguo,Sin rol,,PRESTACIÓN DE SERVICIOS COMO COMUNICADOR(A) SOCIAL PARA CREAR E INNOVAR CON CONTENIDO DE VALOR; QUE PERMITA PROMOVER; ORGANIZAR VISIBILIZAR Y DIVULGAR LAS ACTIVIDADES; LOS PROGRAMAS Y SERVICIOS DE LA SECRETARÍA DE EMPLEO; EMPRESA Y EMPRENDIMIENTO A CADA NICHO ESTRATÉGICO; A TRAVÉS DE LOS DIFERENTES,https://community.secop.gov.co/Public/Tendering/OpportunityDetail/Index?noticeUID=CO1.NTC.6855835&isFromPublicArea=True&isModal=true&asPopupView=true,03.v2.1,,,,,
CO1.PCCNTR.6949564,2024,Alcaldía Distrital de Barrancabermeja,Ambiguo,Sin rol,,PRESTAR SERVICIOS EN PRODUCCION AUDIOVISUAL Y MUSICAL PARA APOYAR ACTIVIDADES TECNOLOGICAS Y FORTALECER EL DESARROLLO DEL PROYECTO FORTALECIMIENTO INSTITUCIONAL DE LA ADMINISTRACIÓN PÚBLICA DISTRITAL DE LAS TECNOLOGÍAS DE LA INFORMACIÓN Y COMUNICACIONES DE BARRANCABERMEJA,https://community.secop.gov.co/Public/Tendering/OpportunityDetail/Index?noticeUID=CO1.NTC.6948385&isFromPublicArea=True&isModal=true&asPopupView=true,03.v2.1,,,,,
CO1.PCCNTR.7007331,2024,Alcaldía Distrital de Barrancabermeja,Ambiguo,Sin rol,,PRESTACION DE SERVICOS PROFESIONALES COMO TRABAJADOR(A) SOCIAL PARA BRINDAR ORIENTACIÓN SOCIAL A LA POBLACIÓN DEL DISTRITO DE BARRANCABERMEJA; QUE SE ENCUENTRA AFECTADA POR PROBLEMÁTICAS COMO LAS VIOLENCIAS DE GENERO E INTRAFAMILIAR; CONSUMO DE SUSTANCIAS PSICOACTIVAS; IDEACIÓN; CONDUCTA E INTENTO S,https://community.secop.gov.co/Public/Tendering/OpportunityDetail/Index?noticeUID=CO1.NTC.7024215&isFromPublicArea=True&isModal=true&asPopupView=true,03.v2.1,,,,,
CO1.PCCNTR.7007752,2024,Alcaldía Distrital de Barrancabermeja,Ambiguo,Sin rol,,PRESTACION DE SERVICOS PROFESIONALES COMO TRABAJADOR(A) SOCIAL PARA BRINDAR ORIENTACIÓN SOCIAL A LA POBLACIÓN DEL DISTRITO DE BARRANCABERMEJA; QUE SE ENCUENTRA AFECTADA POR PROBLEMÁTICAS COMO LAS VIOLENCIAS DE GENERO E INTRAFAMILIAR; CONSUMO DE SUSTANCIAS PSICOACTIVAS; IDEACIÓN; CONDUCTA E INTENTO S,https://community.secop.gov.co/Public/Tendering/OpportunityDetail/Index?noticeUID=CO1.NTC.7024489&isFromPublicArea=True&isModal=true&asPopupView=true,03.v2.1,,,,,
CO1.PCCNTR.7024658,2024,Alcaldía Distrital de Barrancabermeja,Ambiguo,Sin rol,,PRESTACION DE SERVICOS PROFESIONALES COMO TRABAJADOR(A) SOCIAL PARA BRINDAR ORIENTACIÓN SOCIAL A LA POBLACIÓN DEL DISTRITO DE BARRANCABERMEJA; QUE SE ENCUENTRA AFECTADA POR PROBLEMÁTICAS COMO LAS VIOLENCIAS DE GENERO E INTRAFAMILIAR; CONSUMO DE SUSTANCIAS PSICOACTIVAS; IDEACIÓN; CONDUCTA E INTENTO S,https://community.secop.gov.co/Public/Tendering/OpportunityDetail/Index?noticeUID=CO1.NTC.7048381&isFromPublicArea=True&isModal=true&asPopupView=true,03.v2.1,,,,,
CO1.PCCNTR.7024979,2024,Alcaldía Distrital de Barrancabermeja,Ambiguo,Sin rol,,PRESTACION DE SERVICOS PROFESIONALES COMO TRABAJADOR(A) SOCIAL PARA BRINDAR ORIENTACIÓN SOCIAL A LA POBLACIÓN DEL DISTRITO DE BARRANCABERMEJA; QUE SE ENCUENTRA AFECTADA POR PROBLEMÁTICAS COMO LAS VIOLENCIAS DE GENERO E INTRAFAMILIAR; CONSUMO DE SUSTANCIAS PSICOACTIVAS; IDEACIÓN; CONDUCTA E INTENTO S,https://community.secop.gov.co/Public/Tendering/OpportunityDetail/Index?noticeUID=CO1.NTC.7048953&isFromPublicArea=True&isModal=true&asPopupView=true,03.v2.1,,,,,
CO1.PCCNTR.7032568,2024,Alcaldía Distrital de Barrancabermeja,Ambiguo,Sin rol,,PRESTACION DE SERVICOS PROFESIONALES COMO TRABAJADOR(A) SOCIAL PARA BRINDAR ORIENTACIÓN SOCIAL A LA POBLACIÓN DEL DISTRITO DE BARRANCABERMEJA; QUE SE ENCUENTRA AFECTADA POR PROBLEMÁTICAS COMO LAS VIOLENCIAS DE GENERO E INTRAFAMILIAR; CONSUMO DE SUSTANCIAS PSICOACTIVAS; IDEACIÓN; CONDUCTA E INTENTO S,https://community.secop.gov.co/Public/Tendering/OpportunityDetail/Index?noticeUID=CO1.NTC.7058664&isFromPublicArea=True&isModal=true&asPopupView=true,03.v2.1,,,,,
CO1.PCCNTR.7051237,2024,Alcaldía Distrital de Barrancabermeja,Ambiguo,Sin rol,,PRESTACIÓN DE SERVICIOS COMO APOYO ALA GESTIÓN; PARA BRINDAR APOYO ELABORACIÓN DE PIEZAS INFORMATIVAS DESDE LA OFICINA ASESORA DE PRENSA YPROTOCOLO DEL DISTRITO DE BARRANCABERMEJA; EN MARCO DEL PROYECTO DESARROLLO DE LA ESTRATEGIA INTEGRAL DE COMUNICACIÓN EN EL DISTRITO DE BARRANCABERMEJA; SANTANDER,https://community.secop.gov.co/Public/Tendering/OpportunityDetail/Index?noticeUID=CO1.NTC.7083373&isFromPublicArea=True&isModal=true&asPopupView=true,03.v2.1,,,,,
CO1.PCCNTR.5775626,2024,Alcaldía Distrital de Barrancabermeja,Apoyo a la gestión,Apoyo a la gestión,,PRESTAR SERVICIOS PROFESIONALES COMO ADMINISTRADOR (A) DE EMPRESAS EN EL MARCO DEL PROYECTO APOYO A LA GESTIÓN TÉCNICA Y PROFESIONAL PARA EL FORTALECIMIENTO DE LA GESTIÓN DEL RIESGO DE DESASTRES EN LA VIGENCIA 2023 DEL DISTRITO DE BARRANCABERMEJA,https://community.secop.gov.co/Public/Tendering/OpportunityDetail/Index?noticeUID=CO1.NTC.5472594&isFromPublicArea=True&isModal=true&asPopupView=true,03.v2.1,,,,,
CO1.PCCNTR.5896180,2024,Alcaldía Distrital de Barrancabermeja,Apoyo a la gestión,Apoyo a la gestión,,PRESTACIÓN DE SERVICIOS COMO APOYO TÉCNICO Y OPERATIVO DENTRO DE LA EJECUCIÓN DEL PROYECTO APOYO A LA GESTIÓN TÉCNICA Y PROFESIONAL PARA EL FORTALECIMIENTO DE LA GESTIÓN DEL RIESGO DE DESASTRES EN LA VIGENCIA 2023 DEL DISTRITO DE BARRANCABERMEJA,https://community.secop.gov.co/Public/Tendering/OpportunityDetail/Index?noticeUID=CO1.NTC.5597370&isFromPublicArea=True&isModal=true&asPopupView=true,03.v2.1,,,,,
CO1.PCCNTR.5991216,2024,Alcaldía Distrital de Barrancabermeja,Apoyo a la gestión,Sin rol,obra,PRESTACIÓN DE SERVICIOS COMO APOYO A LA GESTIÓN PARA APOYAR LA CONSTRUCCIÓN DE MATERIAL FÍLMICO EN LOS TEMAS MISIONALES Y ESTRATÉGICOS DEL PROYECTO FORTALECIMIENTO EN EL DESARROLLO DE LOS PROCESOS INTERNOS DE LA SECRETARÍA DE PLANEACIÓN DISTRITAL EN BARRANCABERMEJA; SANTANDER,https://community.secop.gov.co/Public/Tendering/OpportunityDetail/Index?noticeUID=CO1.NTC.5713400&isFromPublicArea=True&isModal=true&asPopupView=true,03.v2.1,,,,,
CO1.PCCNTR.6012422,2024,Alcaldía Distrital de Barrancabermeja,Apoyo a la gestión,Sin rol,obra,PRESTACION DE SERVICIOS COMO APOYO A LA GESTION PARA APOYAR DESDE SU CONOCIMIENTO EN EL MANTENIMIENTO DE REDES Y SISTEMAS ELECTRICOS EN LAS LABORES DESARROLLADAS POR EL GRUPO DE CONSTRUCCION DE LA SECRETARIA DE INFRAESTRUCTURA DE LA ALCALDIA DISTRITAL DE BARRANCABERMEJA,https://community.secop.gov.co/Public/Tendering/OpportunityDetail/Index?noticeUID=CO1.NTC.5738488&isFromPublicArea=True&isModal=true&asPopupView=true,03.v2.1,,,,,
CO1.PCCNTR.6079092,2024,Alcaldía Distrital de Barrancabermeja,Apoyo a la gestión,Sin rol,,PRESTACIÓN DE SERVICIOS DE APOYO A LA GESTIÓN; EN DESARROLLO DEL PROYECTO APOYO AL FUNCIONAMIENTO DEL CONSEJO TERRITORIAL DE PLANEACIÓN-CTP; DEL DISTRITO DE BARRANCABERMEJA; SANTANDER,https://community.secop.gov.co/Public/Tendering/OpportunityDetail/Index?noticeUID=CO1.NTC.5817008&isFromPublicArea=True&isModal=true&asPopupView=true,03.v2.1,,,,,
CO1.PCCNTR.6194024,2024,Alcaldía Distrital de Barrancabermeja,Apoyo a la gestión,Sin rol,,PRESTACIÓN DE SERVICIOS DE APOYO A LA GESTIÓN PARA BRINDAR ACOMPAÑAMIENTO A LAS DIFERENTES ACTIVIDADES Y TRAMITES ADMINISTRATIVOS QUE SE REQUIEREN ADELANTAR DESDE LA SECRETARIA DE ADULTO MAYOR ; JUVENTUD E INCLUSIÓN SOCIAL DE BARRANCABERMEJA,https://community.secop.gov.co/Public/Tendering/OpportunityDetail/Index?noticeUID=CO1.NTC.5957751&isFromPublicArea=True&isModal=true&asPopupView=true,03.v2.1,,,,,
CO1.PCCNTR.6366164,2024,Alcaldía Distrital de Barrancabermeja,Apoyo a la gestión,Sin rol,,PRESTACION DE SERVICIOS COMO APOYO A LA GESTIÓN PARA PROMOCIONAR LOS DIFERENTES TRAMITES Y SERVICIOS QUE OFERTA LA ALCADIA DISTRITAL DE BARRANCABERMEJA DESDE LA OFICINA DE RELACIÓN CON EL CIUDADANO.,https://community.secop.gov.co/Public/Tendering/OpportunityDetail/Index?noticeUID=CO1.NTC.6176568&isFromPublicArea=True&isModal=true&asPopupView=true,03.v2.1,,,,,
CO1.PCCNTR.6371684,2024,Alcaldía Distrital de Barrancabermeja,Apoyo a la gestión,Apoyo a la gestión,,PRESTACION DE SERVICIOS DE APOYO A LA GESTIÓN COMO TECNICO EN ADMINISTRACIÓN FINANCIERA PARA BRINDAR APOYO A LOS PROCESOS MISIONALES QUE SE DESARROLLAN EN LA SECRETARIA DE HACIENDA Y DEL TESORO DE LA ALCALDIA DISTRITAL DE BARRANCABERMEJA.,https://community.secop.gov.co/Public/Tendering/OpportunityDetail/Index?noticeUID=CO1.NTC.6183578&isFromPublicArea=True&isModal=true&asPopupView=true,03.v2.1,,,,,
CO1.PCCNTR.6371918,2024,Alcaldía Distrital de Barrancabermeja,Apoyo a la gestión,Sin rol,,PRESTACIÓN DE SERVICIOS DE APOYO A LA GESTIÓN PARA BRINDAR APOYO Y ACOMPAÑAMIENTO AL DESARROLLO DE LOS DIFERENTES POLÍTICAS PÚBLICAS; PROGRAMAS Y PROYECTOS EMANADOS Y EJECUTADOS DESDE LA SECRETARIA DE LAS MUJERES Y LA FAMILIA DE LA ALCALDIA DISTRITAL DE BARRANCABERMEJA,https://community.secop.gov.co/Public/Tendering/OpportunityDetail/Index?noticeUID=CO1.NTC.6184103&isFromPublicArea=True&isModal=true&asPopupView=true,03.v2.1,,,,,
CO1.PCCNTR.6395147,2024,Alcaldía Distrital de Barrancabermeja,Apoyo a la gestión,Sin rol,,PRESTACION DE SERVICIOS DE APOYO A LA GESTION EN EL DESARROLLO DE ACTIVIDADES OPERATIVAS  DE VIGILANCIA Y SOCIALIZACION  ENCAMINADAS A LA PRESERVACION Y RECUPERACION DEL ESPACIO PUBLICO Y DEL CONTROL URBANISTICO A TRAVES DE LA EJECUCIÓN DEL PROYECTO IMPLEMENTACIÓN DE ESTRATEGIAS ORIENTADAS A GARANTI,https://community.secop.gov.co/Public/Tendering/OpportunityDetail/Index?noticeUID=CO1.NTC.6213979&isFromPublicArea=True&isModal=true&asPopupView=true,03.v2.1,,,,,
CO1.PCCNTR.6635657,2024,Alcaldía Distrital de Barrancabermeja,Apoyo a la gestión,Apoyo a la gestión,,PRESTACIÓN DE SERVICIOS DE APOYO A LA GESTIÓN COMO TÉCNICO EN OPERACIONES Y MANTENIMIENTO DE MAQUINARIA AGRÍCOLA; EN DESARROLLO DEL PROYECTO FORTALECIMIENTO DE LOS PROCESOS DE EXTENSIÓN AGROPECUARIA Y ASISTENCIA TÉCNICA A PESCADORES ARTESANALES Y PRODUCTORES AGROPECUARIOS DEL DISTRITO DE BARRANCABER,https://community.secop.gov.co/Public/Tendering/OpportunityDetail/Index?noticeUID=CO1.NTC.6541051&isFromPublicArea=True&isModal=true&asPopupView=true,03.v2.1,,,,,
CO1.PCCNTR.6829118,2024,Alcaldía Distrital de Barrancabermeja,Apoyo a la gestión,Apoyo a la gestión,,PRESTACION DE SERVICIOS COMO FORMADOR EN EL ARTE DE ARTES PLÁSTICAS PARA LA POBLACION DEL AREA RURAL Y URBANA PARA REALIZAR ACTIVIDADES DE TECNICAS DE ENSEÑANZA; DE PROMOCION ARTISTICA Y CULTURAL POR MEDIO DE LAS ESCUELAS DE FORMACION ARTISTICA Y CULTURAL EN DESARROLLO DEL PROYECTO IMPLEMENTACIÓN DE,https://community.secop.gov.co/Public/Tendering/OpportunityDetail/Index?noticeUID=CO1.NTC.6797022&isFromPublicArea=True&isModal=true&asPopupView=true,03.v2.1,,,,,
CO1.PCCNTR.6877670,2024,Alcaldía Distrital de Barrancabermeja,Apoyo a la gestión,Sin rol,,PRESTACIÓN DE SERVICIOS DE APOYO A LA GESTIÓN PARA BRINDAR APOYO EN LA PROMOCIÓN DE LOS DIFERENTES TRAMITES Y SERVICIOS QUE OFERTA LA ALCALDÍA DISTRITAL DE BARRANCABERMEJA DESDE LA OFICINA DE RELACIÓN CON EL CIUDADANO EN EL MARCO DEL PROYECTO APOYO Y FORTALECIMIENTO INSTITUCIONAL A LAS POLÍTICAS Y,https://community.secop.gov.co/Public/Tendering/OpportunityDetail/Index?noticeUID=CO1.NTC.6861150&isFromPublicArea=True&isModal=true&asPopupView=true,03.v2.1,,,,,
CO1.PCCNTR.6932009,2024,Alcaldía Distrital de Barrancabermeja,Apoyo a la gestión,Sin rol,obra,PRESTACIÓN DE SERVICIOS COMO APOYO A LA GESTIÓN PARA APOYAR LA CONSTRUCCIÓN DE MATERIAL FÍLMICO EN LOS TEMAS MISIONALES Y ESTRATÉGICOS DEL PROYECTO DESARROLLO ESTRATEGICO DE LOS PROCESOS INTERNOS DE LA SECREATRÍA DE PLANEACIÓN DISTRITAL BARRANCABERMEJA,https://community.secop.gov.co/Public/Tendering/OpportunityDetail/Index?noticeUID=CO1.NTC.6927513&isFromPublicArea=True&isModal=true&asPopupView=true,03.v2.1,,,,,
CO1.PCCNTR.6935279,2024,Alcaldía Distrital de Barrancabermeja,Apoyo a la gestión,Sin rol,,PRESTACION DE SERVICIOS DE APOYO A LA GESTION EN LAS ACTIVIDADES ADMINISTRATIVAS Y DE GESTION DOCUMENTAL QUE SE DESARROLLEN DESDE LA SECRETARIA DE RECURSO FISICO DE LA ALCALDIA DISTRITAL DE BARRANCABERMEJA EN EL MARCO DEL PROYECTO FORTALECIMIENTO INSTITUCIONAL A LA GESTIÓN ADMINISTRATIVA; JURÍDICA Y,https://community.secop.gov.co/Public/Tendering/OpportunityDetail/Index?noticeUID=CO1.NTC.6931529&isFromPublicArea=True&isModal=true&asPopupView=true,03.v2.1,,,,,
CO1.PCCNTR.6976316,2024,Alcaldía Distrital de Barrancabermeja,Apoyo a la gestión,Sin rol,,PRESTACION DE SERVICIOS COMO APOYO A LA GESTION PARA EL APOYO A EVENTOS Y ACCIONES DE DIVULGACION DE PROCESOS COMUNITARIOS CULTURALES; TURISMO Y PROGRAMAS DE RECUPERACION DEL PATRIMONIO EN DESARROLLO DEL PROYECTO FORTALECIMIENTO DE LOS ACTORES DEL SECTOR CULTURAL; PATRIMONIAL Y TURISTICO MEDIANTE LA,https://community.secop.gov.co/Public/Tendering/OpportunityDetail/Index?noticeUID=CO1.NTC.6982268&isFromPublicArea=True&isModal=true&asPopupView=true,03.v2.1,,,,,
CO1.PCCNTR.6978750,2024,Alcaldía Distrital de Barrancabermeja,Apoyo a la gestión,Apoyo a la gestión,,PRESTACION DE SERVICIOS COMO TÉCNICO EN LOGÍSTICA EMPRESARIAL PARA BRINDAR APOYO Y ACOMPAÑAMIENTO A LAS ACTIVIDADES Y PROCESOS QUE SE DESARROLLAN EN LA OFICINA DE RELACIÓN CON EL CIUDADANO DE LA ALCALDÍA DISTRITAL DE BARRANCABERMEJA.,https://community.secop.gov.co/Public/Tendering/OpportunityDetail/Index?noticeUID=CO1.NTC.6985184&isFromPublicArea=True&isModal=true&asPopupView=true,03.v2.1,,,,,
CO1.PCCNTR.6981538,2024,Alcaldía Distrital de Barrancabermeja,Apoyo a la gestión,Sin rol,,PRESTACION DE SERVICIOS COMO APOYO A LA GESTION PARA EL APOYO A EVENTOS Y ACCIONES DE DIVULGACION DE PROCESOS COMUNITARIOS CULTURALES; TURISMO Y PROGRAMAS DE RECUPERACION DEL PATRIMONIO EN DESARROLLO DEL PROYECTO FORTALECIMIENTO DE LOS ACTORES DEL SECTOR CULTURAL; PATRIMONIAL Y TURISTICO MEDIANTE LA,https://community.secop.gov.co/Public/Tendering/OpportunityDetail/Index?noticeUID=CO1.NTC.6988381&isFromPublicArea=True&isModal=true&asPopupView=true,03.v2.1,,,,,
CO1.PCCNTR.5775474,2024,Alcaldía Distrital de Barrancabermeja,Profesional,Profesional,,PRESTAR LOS SERVICIOS PROFESIONALES COMO INGENIERO INDUSTRIAL ESPECIALIZADO PARA ASESORAR LA ESTRUCTURACIÓN Y EVALUACION DE LOS ASPECTOS TÉCNICOS Y FINANCIEROS DE LOS PROCESOS DE SELECCIÓN DE CONTRATISTAS DE LA ALCALDÍA DISTRITAL DE BARRANCABERMEJA A TRAVES DE LA SUBSECRETARIA DE CONTRATACIÓN,https://community.secop.gov.co/Public/Tendering/OpportunityDetail/Index?noticeUID=CO1.NTC.5472830&isFromPublicArea=True&isModal=true&asPopupView=true,03.v2.1,,,,,
CO1.PCCNTR.5814442,2024,Alcaldía Distrital de Barrancabermeja,Profesional,Profesional,,PRESTACIÓN DE SERVICIOS PROFESIONALES COMO INGENIERA INDUSTRIAL PARA ASESORAR Y COADYUVAR TODAS LAS ÁREAS DE LA SECRETARIA DE RECURSO FÍSICO DE LA ALCALDIA DISTRITAL DE BARRANCABERMEJA.,https://community.secop.gov.co/Public/Tendering/OpportunityDetail/Index?noticeUID=CO1.NTC.5513078&isFromPublicArea=True&isModal=true&asPopupView=true,03.v2.1,,,,,
CO1.PCCNTR.5883142,2024,Alcaldía Distrital de Barrancabermeja,Profesional,Profesional,,PRESTACION DE SERVICIOS PROFESIONALES COMO INGENIERO AMBIENTAL PARA APOYAR Y ACOMPAÑAR LAS ACTIVIDADES CONCERNIENTES AL CONTROL Y VIGILANCIA  DE LOS RECURSOS NATURALES DENTRO DE LA SECRETARIA DE MEDIO AMBIENTE ENMARCADOS EN EL PROYECTO DE APOYO A LA GESTION TECNICA Y PROFESIONAL DEL SECTOR AMBIENTAL,https://community.secop.gov.co/Public/Tendering/OpportunityDetail/Index?noticeUID=CO1.NTC.5582707&isFromPublicArea=True&isModal=true&asPopupView=true,03.v2.1,,,,,
CO1.PCCNTR.5898482,2024,Alcaldía Distrital de Barrancabermeja,Profesional,Profesional,,PRESTACION DE SERVICIOS PROFESIONALES COMO ADMINISTRADOR DE EMPRESAS Y/O AFINES; PARA APOYAR LA ORGANIZACION Y EJECUCION DE LAS ACCIONES NECESARIAS AL SECTOR EMPRESARIAL Y A LOS PROCESOS DE COMERCIO EXTERIOR DE LA SECRETARIA DE EMPLEO EMPRESA Y EMPRENDIMIENTO DEL DISTRITO DE BARRANCABERMEJA; EN DESA,https://community.secop.gov.co/Public/Tendering/OpportunityDetail/Index?noticeUID=CO1.NTC.5600349&isFromPublicArea=True&isModal=true&asPopupView=true,03.v2.1,,,,,
CO1.PCCNTR.5925845,2024,Alcaldía Distrital de Barrancabermeja,Profesional,Profesional,obra,PRESTAR SUS SERVICIOS PROFESIONALES COMO COMUNICADOR SOCIAL PARA APOYAR EN LA CREACION DE BOLETINES;NOTAS Y OTROS PRODUCTOS DE LA EJECUCION DE OBRAS;PROGRAMAS Y PROYECTOS DE INVERSION DE LA ALCALDIA DISTRITAL DE BARRANCABERMEJA;EN MARCO DEL PROYECTO IMPLEMENTACIÓN DE LA ESTRATEGIA DE COMUNICACIÓN DE,https://community.secop.gov.co/Public/Tendering/OpportunityDetail/Index?noticeUID=CO1.NTC.5633412&isFromPublicArea=True&isModal=true&asPopupView=true,03.v2.1,,,,,
CO1.PCCNTR.6058512,2024,Alcaldía Distrital de Barrancabermeja,Profesional,Profesional,,PRESTAR SUS SERVICIOS PROFESIONALES COMO COMUNICADOR SOCIAL PARA BRINDAR APOYO EN LAS COMUNICACIONES DE LAS ACTIVIDADES ORIGINADAS DE LA ADMINISTRACION MUNICIPAL;EN MARCO DEL PROYECTO IMPLEMENTACIÓN DE LA ESTRATEGIA DE COMUNICACIÓN DEL DISTRITO DE BARRANCABERMEJA.,https://community.secop.gov.co/Public/Tendering/OpportunityDetail/Index?noticeUID=CO1.NTC.5791352&isFromPublicArea=True&isModal=true&asPopupView=true,03.v2.1,,,,,
CO1.PCCNTR.6250049,2024,Alcaldía Distrital de Barrancabermeja,Profesional,Profesional,,PRESTAR DE SERVICIOS PROFESIONALES COMO ABOGADA ESPECIALISTA PARA PARA APOYAR LOS DIFERENTES PROCESOS JURÍDICOS; CONTRACTUALES Y ADMINISTRATIVOS DE LA SECRETARIA DE TALENTO HUMANO DEL DISTRITO DE BARRANCABERMEJA,https://community.secop.gov.co/Public/Tendering/OpportunityDetail/Index?noticeUID=CO1.NTC.6026223&isFromPublicArea=True&isModal=true&asPopupView=true,03.v2.1,,,,,
CO1.PCCNTR.6352308,2024,Alcaldía Distrital de Barrancabermeja,Profesional,Profesional,,PRESTACIÓN DE SERVICIOS PROFESIONALES COMO ABOGADO (A) PARA APOYAR EL GRUPO GESTIÓN PÚBLICA DE LA SECRETARÍA JURÍDICA; EN DESARROLLO DEL PROYECTO FORTALECIMIENTO TÉCNICO; JURÍDICO Y ADMINISTRATIVO DE LA SECRETARÍA JURÍDICA DEL DISTRITO DE BARRANCABERMEJA; SANTANDER.,https://community.secop.gov.co/Public/Tendering/OpportunityDetail/Index?noticeUID=CO1.NTC.6157859&isFromPublicArea=True&isModal=true&asPopupView=true,03.v2.1,,,,,
CO1.PCCNTR.6422643,2024,Alcaldía Distrital de Barrancabermeja,Profesional,Profesional,,PRESTACION DE SERVICIOS PROFESIONALES COMO ABOGADO PARA BRINDAR APOYO JURIDICO EN EL DESARROLLO DE LAS ACTIVIDADES PROCESALES QUE SE LLEVAN A CABO EN LOS PROCESOS POLICIVOS DE LA INSPECCION PRIMERA DE ESPACIO PUBLICO Y CONTROL URBANO DE LA ALCALDIA DISTRITAL DE BARRANCABERMEJA,https://community.secop.gov.co/Public/Tendering/OpportunityDetail/Index?noticeUID=CO1.NTC.6253729&isFromPublicArea=True&isModal=true&asPopupView=true,03.v2.1,,,,,
CO1.PCCNTR.6816021,2024,Alcaldía Distrital de Barrancabermeja,Profesional,Profesional,,PRESTACIÓN DE SERVICIOS PROFESIONALES COMO INGENIERO(A) DE SISTEMAS; CON EXPERIENCIA EN EL SGSSS; RÉGIMEN SUBSIDIADO Y POBLACIÒN PPNA; ESPECIALIZACIÓN EN GERENCIA EN INSTITUCIONES DE SEGURIDAD SOCIAL EN SALUD; PARA BRINDAR APOYO EN LAS ACCIONES DE LA SECRETARIA DE SALUD DE BARRANCABERMEJA EN EL MARC,https://community.secop.gov.co/Public/Tendering/OpportunityDetail/Index?noticeUID=CO1.NTC.6778681&isFromPublicArea=True&isModal=true&asPopupView=true,03.v2.1,,,,,
CO1.PCCNTR.6941700,2024,Alcaldía Distrital de Barrancabermeja,Profesional,Profesional,,PRESTACIÓN DE SERVICIOS PROFESIONALES COMO INGENIERO INDUSTRIAL PARA BRINDAR APOYO LOS PROCESOS QUE SE LLEVAN ACABO EN LA OFICINA ASESORA DE CONTROL INTERNO ADMINISTRATIVO DE LA ALCALDÍA DISTRITAL DE BARRANCABERMEJA.,https://community.secop.gov.co/Public/Tendering/OpportunityDetail/Index?noticeUID=CO1.NTC.6938977&isFromPublicArea=True&isModal=true&asPopupView=true,03.v2.1,,,,,
CO1.PCCNTR.6977966,2024,Alcaldía Distrital de Barrancabermeja,Profesional,Profesional,,PRESTACIÓN DE SERVICIOS PROFESIONALES COMO INGENIERO AMBIENTAL Y DE SANEAMIENTO ESPECIALISTA PARA BRINDAR APOYO EN LOS PROCESOS Y ACTIVIDADES QUE SE DESARROLLAN EN LA SECRETARIA DE MEDIO AMBIENTE DE LA ALCALDÍA DISTRITAL DE BARRANCABERMEJA.,https://community.secop.gov.co/Public/Tendering/OpportunityDetail/Index?noticeUID=CO1.NTC.6984430&isFromPublicArea=True&isModal=true&asPopupView=true,03.v2.1,,,,,
CO1.PCCNTR.7015758,2024,Alcaldía Distrital de Barrancabermeja,Profesional,Profesional,,PRESTACIÓN DE SERVICIOS PROFESIONALES COMO INGENIERO PARA APOYAR EL PROYECTO IMPLEMENTACIÓN DE ESTRATEGIAS PARA LA REALIZACIÓN DE SEGUIMIENTO Y EVALUACIÓN DEL PLAN DE DESARROLLO DISTRITAL DE BARRANCABERMEJA 2024-2027 DESDE LA SECRETARÍA DE PLANEACIÓN,https://community.secop.gov.co/Public/Tendering/OpportunityDetail/Index?noticeUID=CO1.NTC.7035080&isFromPublicArea=True&isModal=true&asPopupView=true,03.v2.1,,,,,
CO1.PCCNTR.7032843,2024,Alcaldía Distrital de Barrancabermeja,Profesional,Profesional,,PRESTACIÓN DE SERVICIOS PROFESIONALES COMO CONTADORA PARA EL FORTALECIMIENTO DE LAS ACCIONES DE DESARROLLO AGROPECUARIO DE LA SECRETARIA DE AGRICULTURA; PESCA Y DESARROLLO RURAL DEL DISTRITO DE BARRANCABERMEJA,https://community.secop.gov.co/Public/Tendering/OpportunityDetail/Index?noticeUID=CO1.NTC.7058947&isFromPublicArea=True&isModal=true&asPopupView=true,03.v2.1,,,,,
CO1.PCCNTR.7054160,2024,Alcaldía Distrital de Barrancabermeja,Profesional,Profesional,,PRESTACIÓN DE SERVICIOS PROFESIONALES COMO PSICOLOGO (A) PARA REALIZAR ACTIVIDADES REQUERIDAS DENTRO EN EL MARCO DEL PROYECTO APOYO PARTICIPACIÓN DE LA MESA DE VÍCTIMAS DE DISTRITO DE BARRANCABERMEJA,https://community.secop.gov.co/Public/Tendering/OpportunityDetail/Index?noticeUID=CO1.NTC.7087812&isFromPublicArea=True&isModal=true&asPopupView=true,03.v2.1,,,,,
CO1.PCCNTR.7078205,2024,Alcaldía Distrital de Barrancabermeja,Profesional,Profesional,,PRESTACIÓN DE SERVICIOS PROFESIONALES COMO COMUNICADOR SOCIAL -PERIODISTA PARA BRINDAR ACOMPAÑAMIENTO EN EL DESARROLLO DE LA CREACION DE PIEZAS COMUNICATIVAS DEL CENTRO REGIONAL DE ATENCIÓN A VÍCTIMAS CRAV DE LA ALCALDÍA DISTRITAL DE BARRANCABERMEJA.,https://community.secop.gov.co/Public/Tendering/OpportunityDetail/Index?noticeUID=CO1.NTC.7118118&isFromPublicArea=True&isModal=true&asPopupView=true,03.v2.1,,,,,
CO1.PCCNTR.8126859,2025,Alcaldía Distrital de Barrancabermeja,Ambiguo,Sin rol,,PRESTACIÓN DE SERVICIOS PROFESIONAL EN GESTIÓN EMPRESARIAL PARA ASISTIR EN LOS PROCESOS TÉCNICOS Y ADMINISTRATIVOS DE LAS DIFERENTES DIRECCIONES DE LA SECRETARIA DISTRITAL DE LAS MUJERES Y LA INCLUSIÓN SOCIAL EN MARCO DEL PROYECTO APOYO TÉCNICO; JURIDICO Y ADMINISTRATIVO PARA EL DESARROLLO DE LAS AC,https://community.secop.gov.co/Public/Tendering/OpportunityDetail/Index?noticeUID=CO1.NTC.8500311&isFromPublicArea=True&isModal=true&asPopupView=true,03.v2.1,,,,,
CO1.PCCNTR.8133582,2025,Alcaldía Distrital de Barrancabermeja,Ambiguo,Sin rol,,PRESTACION DE SERVICOS PROFESIONALES COMO TRABAJADOR(A) SOCIAL; PARA BRINDAR APOYO Y FORTALECER LAS ACCIONES Y/O ACTIVIDADES EN SALUD SOBRE PROMOCION Y PREVENCION DE LA SALUD MENTAL; LA CONVIVENCIA SOCIAL Y LA ATENCION INTEGRAL EN TEMAS DE CONSUMO DE SUSTANCIAS PSICOATIVAS; EN EL MARCO DEL PLAN DECE,https://community.secop.gov.co/Public/Tendering/OpportunityDetail/Index?noticeUID=CO1.NTC.8510694&isFromPublicArea=True&isModal=true&asPopupView=true,03.v2.1,,,,,
CO1.PCCNTR.8154756,2025,Alcaldía Distrital de Barrancabermeja,Ambiguo,Sin rol,,PRESTACION DE SERVICIOS PROFESIONALES COMO ADMINISTRADOR (A) DE EMPRESAS PARA REALIZAR AVALÚOS A LOS DIFERENTES BIENES DE PROPIEDAD DEL DISTRITO DE BARRANCABERMEJA BRINDADO APOYO A LA GESTIÓN ADMINISTRATIVA Y FUNCIONAL DE LA DIRECCIÓN DE SERVICIOS ADMINISTRATIVOS; EN DESARROLLO DE LA ACTIVIDAD NO. 2,https://community.secop.gov.co/Public/Tendering/OpportunityDetail/Index?noticeUID=CO1.NTC.8540746&isFromPublicArea=True&isModal=true&asPopupView=true,03.v2.1,,,,,
CO1.PCCNTR.8250090,2025,Alcaldía Distrital de Barrancabermeja,Ambiguo,Sin rol,,PRESTACION DE SERVICOS PROFESIONALES COMO TRABAJADOR(A) SOCIAL CON POSTGRADO; PARA BRINDAR APOYO Y FORTALECER LAS ACCIONES Y/O ACTIVIDADES EN SALUD SOBRE PROMOCION Y PREVENCION DE LA SALUD MENTAL; LA CONVIVENCIA SOCIAL Y LA ATENCION INTEGRAL EN TEMAS DE CONSUMO DE SUSTANCIAS PSICOATIVAS; EN EL MARCO,https://community.secop.gov.co/Public/Tendering/OpportunityDetail/Index?noticeUID=CO1.NTC.8677921&isFromPublicArea=True&isModal=true&asPopupView=true,03.v2.1,,,,,
CO1.PCCNTR.8386621,2025,Alcaldía Distrital de Barrancabermeja,Ambiguo,Sin rol,,"PRESTACIÓN DE SERVICIOS COMO  A LA GESTIÓN PARA BRINDAR
ASISTENCIA EN LOS PROCESOS ADMINISTRATIVOS DE LA DIRECCIÓN DE GRUPOS D ESPECIAL PROTECCIÓN DE LA SECRETARÍA DISTRITAL DE LAS MUJERES Y LA INCLUSIÓN SOCIAL EN EL MARCO DEL PROYECTO DESARROLLO DE PROGRAMAS DE FORMACIÓN Y ATENCIÓN INTEGRAL A PERSO",https://community.secop.gov.co/Public/Tendering/OpportunityDetail/Index?noticeUID=CO1.NTC.8858118&isFromPublicArea=True&isModal=true&asPopupView=true,03.v2.1,,,,,
CO1.PCCNTR.8387506,2025,Alcaldía Distrital de Barrancabermeja,Ambiguo,Sin rol,,"PRESTACIÓN DE SERVICIOS COMO APOYO A L A GESTIÓN EN DESARROLLO DEL PROYECTO IMPLEMENTACIÓN
D E UNA ESTRATEGIA PARA LA CONSOLIDACIÓN Y EL FUNCIONAMIENTO DEL SISBEN EN EL DISTRITO DE BARRANCABERMEJA",https://community.secop.gov.co/Public/Tendering/OpportunityDetail/Index?noticeUID=CO1.NTC.8858784&isFromPublicArea=True&isModal=true&asPopupView=true,03.v2.1,,,,,
CO1.PCCNTR.8388429,2025,Alcaldía Distrital de Barrancabermeja,Ambiguo,Sin rol,,PRESTACIÓN DE SERVICIOS COM  A LA GESTIÓN PARA BRINDAR ACOMPAÑAMIENTO EN LA ORGANIZACIÓN DEL ARCHIVO DOCUMENTAL FÍSICO Y DIGITAL DE LA DIRECCIÓN DE ACCESO A LA JUSTICIA Y DERECHOS HUMANOS ADSCRITA A LA SECRETARÍA DISTRITAL DEL INTERIOR DE BARRANCABERMEJA,https://community.secop.gov.co/Public/Tendering/OpportunityDetail/Index?noticeUID=CO1.NTC.8860112&isFromPublicArea=True&isModal=true&asPopupView=true,03.v2.1,,,,,
CO1.PCCNTR.8414040,2025,Alcaldía Distrital de Barrancabermeja,Ambiguo,Sin rol,obra,PRESTACION DE SERVICIOS COM  A LA GESTION PARA APOYAR LAS ACCIONES TECNICAS DE LA SECRETARIA DISTRITAL DE AMBIENTE Y TRANSICION ENERGETICA DE LA ALCALDIA DE BARRANCABERMEJA DENTRO DEL PROYECTO DE IMPLEMENTACION DE PROMOTORES AMBIENTALES PARA LA CONSTRUCCION DE UNA CIUDAD SOSTENIBLE EN EL DISTRITO DE,https://community.secop.gov.co/Public/Tendering/OpportunityDetail/Index?noticeUID=CO1.NTC.8891838&isFromPublicArea=True&isModal=true&asPopupView=true,03.v2.1,,,,,
CO1.PCCNTR.8489905,2025,Alcaldía Distrital de Barrancabermeja,Ambiguo,Sin rol,,PRESTACIÓN DE SERVICIOS COMO PROFESIONAL COMO ADMINISTRADOR (A) DE EMPRESAS PARA BRINDAR APOYO EN LOS PLANES Y POLÍTICAS QUE SE DESARROLLAN EN LA OFICINA DE RELACIONAMIENTO CON EL CIUDADANO,https://community.secop.gov.co/Public/Tendering/OpportunityDetail/Index?noticeUID=CO1.NTC.8998484&isFromPublicArea=True&isModal=true&asPopupView=true,03.v2.1,,,,,
CO1.PCCNTR.7509051,2025,Alcaldía Distrital de Barrancabermeja,Apoyo a la gestión,Sin rol,,PRESTACION DE SERVICIOS DE APOYO A LA GESTION PARA APOYAR LAS ACTIVIDADES ADMINISTRATIVAS DE LA SECRETARIA DE EDUCACION EN DESARROLLO DEL PROYECTO FORTALECIMIENTO DE ESTRATEGIAS QUE GARANTIZAN UNA ADECUADA PRESTACION DEL SERVICIO EN LOS ESTABLECIMIENTOS EDUCATIVOS OFICIALES DEL DISTRITO DE BARRANCAB,https://community.secop.gov.co/Public/Tendering/OpportunityDetail/Index?noticeUID=CO1.NTC.7653545&isFromPublicArea=True&isModal=true&asPopupView=true,03.v2.1,,,,,
CO1.PCCNTR.7895844,2025,Alcaldía Distrital de Barrancabermeja,Apoyo a la gestión,Sin rol,,PRESTACIÓN DE SERVICIOS DE APOYO A LA GESTIÓN PARA BRINDAR ASISTENCIA Y ACOMPAÑAMIENTO A LAS ACTIVIDADES ADMINISTRATIVAS QUE SE LLEVAN A CABO EN LA DIRECCIÓN DE GRUPOS DE ESPECIAL PROTECCIÓN,https://community.secop.gov.co/Public/Tendering/OpportunityDetail/Index?noticeUID=CO1.NTC.8163644&isFromPublicArea=True&isModal=true&asPopupView=true,03.v2.1,,,,,
CO1.PCCNTR.7920225,2025,Alcaldía Distrital de Barrancabermeja,Apoyo a la gestión,Sin rol,,PRESTACIÓN DE SERVICIOS DE APOYO A LA GESTIÓN PARA BRINDAR CAPACITACIONES EN LAS ÁREAS DE ARTES PLASTICAS Y FOTOGRAFÍA; ORIENTADAS A FORTALECER LAS COMPETENCIAS TÉCNICAS Y CREATIVAS DE LA POBLACIÓN EN SITUACIÓN DE VULNERABILIDAD A CARGO DE LA DIRECCIÓN DE LAS MUJERES DE LA SECRETARÍA DISTRITAL DE LA,https://community.secop.gov.co/Public/Tendering/OpportunityDetail/Index?noticeUID=CO1.NTC.8198153&isFromPublicArea=True&isModal=true&asPopupView=true,03.v2.1,,,,,
CO1.PCCNTR.8026390,2025,Alcaldía Distrital de Barrancabermeja,Apoyo a la gestión,Sin rol,,PRESTACIÓN DE SERVICIOS COMO APOYO A LA GESTIÓN; EN DESARROLLO DEL PROYECTO APOYO AL SERVICIO DE EXTENSIÓN AGROPECUARIA E IMPLEMENTACIÓN DE PAQUETES TECNOLÓGICOS EN PROCESOS DE INVESTIGACIÓN Y/O INNOVACIÓN EN EL DISTRITO DE BARRANCABERMEJA; SANTANDER,https://community.secop.gov.co/Public/Tendering/OpportunityDetail/Index?noticeUID=CO1.NTC.8349469&isFromPublicArea=True&isModal=true&asPopupView=true,03.v2.1,,,,,
CO1.PCCNTR.8085359,2025,Alcaldía Distrital de Barrancabermeja,Apoyo a la gestión,Sin rol,,PRESTAR SERVICIOS COMO APOYO A LA GESTION PARA BRINDAR ACOMPAÑAMIENTO A LAS ACTIVIDADES ADMINISTRATIVAS; A EVENTOS Y ACCIONES DE DIVULGACIÓN DE PROCESOS COMUNITARIOS CULTURALES Y PROGRAMAS DE RECUPERACION DEL PATRIMONIO EN DESARROLLO DEL PROYECTO FORTALECIMIENTO DE LOS ACTORES DEL SECTOR CULTURAL; P,https://community.secop.gov.co/Public/Tendering/OpportunityDetail/Index?noticeUID=CO1.NTC.8437393&isFromPublicArea=True&isModal=true&asPopupView=true,03.v2.1,,,,,
CO1.PCCNTR.8129166,2025,Alcaldía Distrital de Barrancabermeja,Apoyo a la gestión,Sin rol,,PRESTACIÓN DE SERVICIOS COMO APOYO A LA GESTIÓN; EN DESARROLLO DEL PROYECTO APOYO AL SERVICIO DE EXTENSIÓN AGROPECUARIA E IMPLEMENTACIÓN DE PAQUETES TECNOLÓGICOS EN PROCESOS DE INVESTIGACIÓN Y/O INNOVACIÓN EN EL DISTRITO DE BARRANCABERMEJA; SANTANDER,https://community.secop.gov.co/Public/Tendering/OpportunityDetail/Index?noticeUID=CO1.NTC.8503845&isFromPublicArea=True&isModal=true&asPopupView=true,03.v2.1,,,,,
CO1.PCCNTR.8150626,2025,Alcaldía Distrital de Barrancabermeja,Apoyo a la gestión,Apoyo a la gestión,,PRESTAR SERVICIOS DE APOYO A LA GESTION COMO TALLERISTA EN TEMAS DE LEY 1448 DE 2011 Y PEDAGOGIA DE PAZ REQUERIDOS EN LA SECRETARIA DISTRITAL DEL INTERIOR DENTRO DEL PROYECTO APOYO AL FUNCIONAMIENTO DE LA MESA DE PARTICIPACIÓN EFECTIVA DE VICTIMAS DEL DISTRITO DE BARRANCABERMEJA,https://community.secop.gov.co/Public/Tendering/OpportunityDetail/Index?noticeUID=CO1.NTC.8535218&isFromPublicArea=True&isModal=true&asPopupView=true,03.v2.1,,,,,
CO1.PCCNTR.8194122,2025,Alcaldía Distrital de Barrancabermeja,Apoyo a la gestión,Sin rol,,PRESTACIÓN DE SERVICIOS COMO APOYO A LA GESTIÓN; COMO TECNÓLOGO (A) EN TELECOMUNICACIONES; PARA LA PRODUCCIÓN AUDIOVISUAL DE LOS PRODUCTOS GENERADOS DESDE LA GERENCIA DE PRENSA COMUNICACIONES Y PROTOCOLO DEL DISTRITO DE BARRANCABERMEJA; EN MARCO DEL PROYECTO DESARROLLO DE LA ESTRATEGIA INTEGRAL DE C,https://community.secop.gov.co/Public/Tendering/OpportunityDetail/Index?noticeUID=CO1.NTC.8597983&isFromPublicArea=True&isModal=true&asPopupView=true,03.v2.1,,,,,
CO1.PCCNTR.8350178,2025,Alcaldía Distrital de Barrancabermeja,Apoyo a la gestión,Sin rol,,PRESTACIÓN DE SERVICIOS DE APOYO A LA GESTIÓN PARA REALIZAR DIFERENTES ACTIVIDADES COMO GESTORES DE CONVIVENCIA DESDE LA SECRETARÍA DISTRITAL DE SEGURIDAD Y CONVIVENCIA; EN MARCO DEL PROYECTO IMPLEMENTACIÓN DEL SISTEMA DISTRITAL DE CONVIVENCIA CIUDADANA EN BARRANCABERMEJA,https://community.secop.gov.co/Public/Tendering/OpportunityDetail/Index?noticeUID=CO1.NTC.8812718&isFromPublicArea=True&isModal=true&asPopupView=true,03.v2.1,,,,,
CO1.PCCNTR.8364547,2025,Alcaldía Distrital de Barrancabermeja,Apoyo a la gestión,Sin rol,,PRESTACIÓN DE SERVICIOS DE APOYO A LA GESTIÓN PARA BRINDAR ASISTENCIA Y ACOMPAÑAMIENTO A LAS ACTIVIDADES OPERATIVAS; ADMINISTRATIVAS; DE SOCIALIZACIÓN; SENSIBILIZACIÓN; VIGILANCIA Y CONTROL; ENCAMINADAS A LA PRESERVACIÓN Y RECUPERACIÓN DEL ESPACIO PÚBLICO; QUE SE LLEVAN A CABO EN LA DIRECCIÓN DE ESP,https://community.secop.gov.co/Public/Tendering/OpportunityDetail/Index?noticeUID=CO1.NTC.8832420&isFromPublicArea=True&isModal=true&asPopupView=true,03.v2.1,,,,,
CO1.PCCNTR.8373384,2025,Alcaldía Distrital de Barrancabermeja,Apoyo a la gestión,Sin rol,,PRESTACION DE SERVICIOS COMO APOYO A LA GESTION PARA BRINDAR ACOMPAÑAMIENTO A LA ACTIVIDADES QUE SE DESAROLLEN EN LA DIRECCION DE CALIDAD EDUCATIVA ADSCRITA A LA SECRETARIA DE EDUCACION; DENTRO DEL PROYECTO IMPLEMENTACION DE ESTRATEGIAS EDUCATIVAS PARA FORTALECER LA CALIDAD EN LOS ESTABLECIMIENTOS E,https://community.secop.gov.co/Public/Tendering/OpportunityDetail/Index?noticeUID=CO1.NTC.8844033&isFromPublicArea=True&isModal=true&asPopupView=true,03.v2.1,,,,,
CO1.PCCNTR.8387934,2025,Alcaldía Distrital de Barrancabermeja,Apoyo a la gestión,Sin rol,,PRESTACION DE SERVICIOS DE APOYO A LA GESTION PARA BRINDAR ACOMPAÑAMIENTO LOGISTICO; OPERATIVO Y DE SEGUIMIENTO; EN EL DESARROLLO DE LAS JORNADAS DE SOCIALIZACION; SENSIBILIZACION; VIGILANCIA Y CONTROL; QUE SE LLEVAN A CABO EN LA DIRECCIÓN DE ESPACIO PÚBLICO Y CONTROL URBANO; ENCAMINADAS A LA PROTEC,https://community.secop.gov.co/Public/Tendering/OpportunityDetail/Index?noticeUID=CO1.NTC.8859447&isFromPublicArea=True&isModal=true&asPopupView=true,03.v2.1,,,,,
CO1.PCCNTR.8404750,2025,Alcaldía Distrital de Barrancabermeja,Apoyo a la gestión,Sin rol,obra,PRESTACIÓN DE SERVICIOS COMO APOYO A LA GESTION PARA APOYAR LAS ACCIONES TÉCNICAS DE LA SECRETARIA DISTRITAL DE AMBIENTE Y TRANSICION ENERGETICA DE LA ALCALDIA DE BARRANCABERMEJA DENTRO DEL PROYECTO DE IMPLEMENTACION DE PROMOTORES AMBIENTALES PARA LA CONSTRUCCION DE UNA CIUDAD SOSTENIBLE EN EL DISTR,https://community.secop.gov.co/Public/Tendering/OpportunityDetail/Index?noticeUID=CO1.NTC.8880803&isFromPublicArea=True&isModal=true&asPopupView=true,03.v2.1,,,,,
CO1.PCCNTR.8404797,2025,Alcaldía Distrital de Barrancabermeja,Apoyo a la gestión,Sin rol,obra,PRESTACIÓN DE SERVICIOS COMO APOYO A LA GESTION PARA APOYAR LAS ACCIONES TÉCNICAS DE LA SECRETARIA DISTRITAL DE AMBIENTE Y TRANSICION ENERGETICA DE LA ALCALDIA DE BARRANCABERMEJA DENTRO DEL PROYECTO DE IMPLEMENTACION DE PROMOTORES AMBIENTALES PARA LA CONSTRUCCION DE UNA CIUDAD SOSTENIBLE EN EL DISTR,https://community.secop.gov.co/Public/Tendering/OpportunityDetail/Index?noticeUID=CO1.NTC.8881131&isFromPublicArea=True&isModal=true&asPopupView=true,03.v2.1,,,,,
CO1.PCCNTR.8405599,2025,Alcaldía Distrital de Barrancabermeja,Apoyo a la gestión,Sin rol,obra,PRESTACIÓN DE SERVICIOS COMO APOYO A LA GESTION PARA APOYAR LAS ACCIONES TÉCNICAS DE LA SECRETARIA DISTRITAL DE AMBIENTE Y TRANSICION ENERGETICA DE LA ALCALDIA DE BARRANCABERMEJA DENTRO DEL PROYECTO DE IMPLEMENTACION DE PROMOTORES AMBIENTALES PARA LA CONSTRUCCION DE UNA CIUDAD SOSTENIBLE EN EL DISTR,https://community.secop.gov.co/Public/Tendering/OpportunityDetail/Index?noticeUID=CO1.NTC.8881971&isFromPublicArea=True&isModal=true&asPopupView=true,03.v2.1,,,,,
CO1.PCCNTR.8405910,2025,Alcaldía Distrital de Barrancabermeja,Apoyo a la gestión,Sin rol,obra,PRESTACIÓN DE SERVICIOS COMO APOYO A LA GESTION PARA APOYAR LAS ACCIONES TÉCNICAS DE LA SECRETARIA DISTRITAL DE AMBIENTE Y TRANSICION ENERGETICA DE LA ALCALDIA DE BARRANCABERMEJA DENTRO DEL PROYECTO DE IMPLEMENTACION DE PROMOTORES AMBIENTALES PARA LA CONSTRUCCION DE UNA CIUDAD SOSTENIBLE EN EL DISTR,https://community.secop.gov.co/Public/Tendering/OpportunityDetail/Index?noticeUID=CO1.NTC.8881927&isFromPublicArea=True&isModal=true&asPopupView=true,03.v2.1,,,,,
CO1.PCCNTR.8405973,2025,Alcaldía Distrital de Barrancabermeja,Apoyo a la gestión,Sin rol,obra,PRESTACION DE SERVICIOS COMO APOYO A LA GESTION PARA APOYAR LAS ACCIONES TECNICAS DE LA SECRETARIA DISTRITAL DE AMBIENTE Y TRANSICION ENERGETICA DE LA ALCALDIA DE BARRANCABERMEJA DENTRO DEL PROYECTO DE IMPLEMENTACION DE PROMOTORES AMBIENTALES PARA LA CONSTRUCCION DE UNA CIUDAD SOSTENIBLE EN EL DISTR,https://community.secop.gov.co/Public/Tendering/OpportunityDetail/Index?noticeUID=CO1.NTC.8882445&isFromPublicArea=True&isModal=true&asPopupView=true,03.v2.1,,,,,
CO1.PCCNTR.8406167,2025,Alcaldía Distrital de Barrancabermeja,Apoyo a la gestión,Sin rol,obra,PRESTACIÓN DE SERVICIOS COMO APOYO A LA GESTION PARA APOYAR LAS ACCIONES TÉCNICAS DE LA SECRETARIA DISTRITAL DE AMBIENTE Y TRANSICION ENERGETICA DE LA ALCALDIA DE BARRANCABERMEJA DENTRO DEL PROYECTO DE IMPLEMENTACION DE PROMOTORES AMBIENTALES PARA LA CONSTRUCCION DE UNA CIUDAD SOSTENIBLE EN EL DISTR,https://community.secop.gov.co/Public/Tendering/OpportunityDetail/Index?noticeUID=CO1.NTC.8882492&isFromPublicArea=True&isModal=true&asPopupView=true,03.v2.1,,,,,
CO1.PCCNTR.8406354,2025,Alcaldía Distrital de Barrancabermeja,Apoyo a la gestión,Sin rol,obra,PRESTACION DE SERVICIOS COMO APOYO A LA GESTION PARA APOYAR LAS ACCIONES TECNICAS DE LA SECRETARIA DISTRITAL DE AMBIENTE Y TRANSICION ENERGETICA DE LA ALCALDIA DE BARRANCABERMEJA DENTRO DEL PROYECTO DE IMPLEMENTACION DE PROMOTORES AMBIENTALES PARA LA CONSTRUCCION DE UNA CIUDAD SOSTENIBLE EN EL DISTR,https://community.secop.gov.co/Public/Tendering/OpportunityDetail/Index?noticeUID=CO1.NTC.8882921&isFromPublicArea=True&isModal=true&asPopupView=true,03.v2.1,,,,,
CO1.PCCNTR.8406898,2025,Alcaldía Distrital de Barrancabermeja,Apoyo a la gestión,Sin rol,obra,PRESTACIÓN DE SERVICIOS COMO APOYO A LA GESTION PARA APOYAR LAS ACCIONES TÉCNICAS DE LA SECRETARIA DISTRITAL DE AMBIENTE Y TRANSICION ENERGETICA DE LA ALCALDIA DE BARRANCABERMEJA DENTRO DEL PROYECTO DE IMPLEMENTACION DE PROMOTORES AMBIENTALES PARA LA CONSTRUCCION DE UNA CIUDAD SOSTENIBLE EN EL DISTR,https://community.secop.gov.co/Public/Tendering/OpportunityDetail/Index?noticeUID=CO1.NTC.8883713&isFromPublicArea=True&isModal=true&asPopupView=true,03.v2.1,,,,,
CO1.PCCNTR.8407006,2025,Alcaldía Distrital de Barrancabermeja,Apoyo a la gestión,Sin rol,obra,PRESTACIÓN DE SERVICIOS COMO APOYO A LA GESTION PARA APOYAR LAS ACCIONES TÉCNICAS DE LA SECRETARIA DISTRITAL DE AMBIENTE Y TRANSICION ENERGETICA DE LA ALCALDIA DE BARRANCABERMEJA DENTRO DEL PROYECTO DE IMPLEMENTACION DE PROMOTORES AMBIENTALES PARA LA CONSTRUCCION DE UNA CIUDAD SOSTENIBLE EN EL DISTR,https://community.secop.gov.co/Public/Tendering/OpportunityDetail/Index?noticeUID=CO1.NTC.8883401&isFromPublicArea=True&isModal=true&asPopupView=true,03.v2.1,,,,,
CO1.PCCNTR.8407106,2025,Alcaldía Distrital de Barrancabermeja,Apoyo a la gestión,Sin rol,obra,PRESTACIÓN DE SERVICIOS COMO APOYO A LA GESTION PARA APOYAR LAS ACCIONES TÉCNICAS DE LA SECRETARIA DISTRITAL DE AMBIENTE Y TRANSICION ENERGETICA DE LA ALCALDIA DE BARRANCABERMEJA DENTRO DEL PROYECTO DE IMPLEMENTACION DE PROMOTORES AMBIENTALES PARA LA CONSTRUCCION DE UNA CIUDAD SOSTENIBLE EN EL DISTR,https://community.secop.gov.co/Public/Tendering/OpportunityDetail/Index?noticeUID=CO1.NTC.8883424&isFromPublicArea=True&isModal=true&asPopupView=true,03.v2.1,,,,,
CO1.PCCNTR.8407614,2025,Alcaldía Distrital de Barrancabermeja,Apoyo a la gestión,Sin rol,obra,PRESTACIÓN DE SERVICIOS COMO APOYO A LA GESTION PARA APOYAR LAS ACCIONES TÉCNICAS DE LA SECRETARIA DISTRITAL DE AMBIENTE Y TRANSICION ENERGETICA DE LA ALCALDIA DE BARRANCABERMEJA DENTRO DEL PROYECTO DE IMPLEMENTACION DE PROMOTORES AMBIENTALES PARA LA CONSTRUCCION DE UNA CIUDAD SOSTENIBLE EN EL DISTR,https://community.secop.gov.co/Public/Tendering/OpportunityDetail/Index?noticeUID=CO1.NTC.8883945&isFromPublicArea=True&isModal=true&asPopupView=true,03.v2.1,,,,,
CO1.PCCNTR.8407774,2025,Alcaldía Distrital de Barrancabermeja,Apoyo a la gestión,Sin rol,obra,PRESTACIÓN DE SERVICIOS DE APOYO A LA GESTIÓN  PARA APOYAR LAS ACCIONES TÉCNICAS DE LA SECRETARIA DISTRITAL DE AMBIENTE Y TRANSICIÓN ENERGETICA  DE LA ALCALDIA DE BARRANCABERMEJA DENTRO DEL PROYECTO DE IMPLEMENTACIÓN DE PROMOTORES  AMBIENTALES  PARA LA CONSTRUCCIÓN  DE UNA CIUDAD SOSTENIBLE EN EL DI,https://community.secop.gov.co/Public/Tendering/OpportunityDetail/Index?noticeUID=CO1.NTC.8884084&isFromPublicArea=True&isModal=true&asPopupView=true,03.v2.1,,,,,
CO1.PCCNTR.8408162,2025,Alcaldía Distrital de Barrancabermeja,Apoyo a la gestión,Sin rol,obra,PRESTACIÓN DE SERVICIOS COMO APOYO A LA GESTION PARA APOYAR LAS ACCIONES TÉCNICAS DE LA SECRETARIA DISTRITAL DE AMBIENTE Y TRANSICION ENERGETICA DE LA ALCALDIA DE BARRANCABERMEJA DENTRO DEL PROYECTO DE IMPLEMENTACION DE PROMOTORES AMBIENTALES PARA LA CONSTRUCCION DE UNA CIUDAD SOSTENIBLE EN EL DISTR,https://community.secop.gov.co/Public/Tendering/OpportunityDetail/Index?noticeUID=CO1.NTC.8884761&isFromPublicArea=True&isModal=true&asPopupView=true,03.v2.1,,,,,
CO1.PCCNTR.8408302,2025,Alcaldía Distrital de Barrancabermeja,Apoyo a la gestión,Sin rol,obra,PRESTACION DE SERVICIOS COMO APOYO A LA GESTION PARA APOYAR LAS ACCIONES TECNICAS DE LA SECRETARIA DISTRITAL DE AMBIENTE Y TRANSICION ENERGETICA DE LA ALCALDIA DE BARRANCABERMEJA DENTRO DEL PROYECTO DE IMPLEMENTACION DE PROMOTORES AMBIENTALES PARA LA CONSTRUCCION DE UNA CIUDAD SOSTENIBLE EN EL DISTR,https://community.secop.gov.co/Public/Tendering/OpportunityDetail/Index?noticeUID=CO1.NTC.8884187&isFromPublicArea=True&isModal=true&asPopupView=true,03.v2.1,,,,,
CO1.PCCNTR.8408354,2025,Alcaldía Distrital de Barrancabermeja,Apoyo a la gestión,Sin rol,obra,PRESTACION DE SERVICIOS COMO APOYO A LA GESTION PARA APOYAR LAS ACCIONES TECNICAS DE LA SECRETARIA DISTRITAL DE AMBIENTE Y TRANSICION ENERGETICA DE LA ALCALDIA DE BARRANCABERMEJA DENTRO DEL PROYECTO DE IMPLEMENTACION DE PROMOTORES AMBIENTALES PARA LA CONSTRUCCION DE UNA CIUDAD SOSTENIBLE EN EL DISTR,https://community.secop.gov.co/Public/Tendering/OpportunityDetail/Index?noticeUID=CO1.NTC.8884669&isFromPublicArea=True&isModal=true&asPopupView=true,03.v2.1,,,,,
CO1.PCCNTR.8408599,2025,Alcaldía Distrital de Barrancabermeja,Apoyo a la gestión,Sin rol,obra,PRESTACIÓN DE SERVICIOS COMO APOYO A LA GESTION PARA APOYAR LAS ACCIONES TÉCNICAS DE LA SECRETARIA DISTRITAL DE AMBIENTE Y TRANSICION ENERGETICA DE LA ALCALDIA DE BARRANCABERMEJA DENTRO DEL PROYECTO DE IMPLEMENTACION DE PROMOTORES AMBIENTALES PARA LA CONSTRUCCION DE UNA CIUDAD SOSTENIBLE EN EL DISTR,https://community.secop.gov.co/Public/Tendering/OpportunityDetail/Index?noticeUID=CO1.NTC.8885539&isFromPublicArea=True&isModal=true&asPopupView=true,03.v2.1,,,,,
CO1.PCCNTR.8408862,2025,Alcaldía Distrital de Barrancabermeja,Apoyo a la gestión,Sin rol,obra,PRESTACIÓN DE SERVICIOS COMO APOYO A LA GESTION PARA APOYAR LAS ACCIONES TÉCNICAS DE LA SECRETARIA DISTRITAL DE AMBIENTE Y TRANSICION ENERGETICA DE LA ALCALDIA DE BARRANCABERMEJA DENTRO DEL PROYECTO DE IMPLEMENTACION DE PROMOTORES AMBIENTALES PARA LA CONSTRUCCION DE UNA CIUDAD SOSTENIBLE EN EL DISTR,https://community.secop.gov.co/Public/Tendering/OpportunityDetail/Index?noticeUID=CO1.NTC.8885465&isFromPublicArea=True&isModal=true&asPopupView=true,03.v2.1,,,,,
CO1.PCCNTR.8409028,2025,Alcaldía Distrital de Barrancabermeja,Apoyo a la gestión,Sin rol,obra,PRESTACIÓN DE SERVICIOS COMO APOYO A LA GESTIÓN PARA APOYAR LAS ACCIONES TÉCNICAS DE LA SECRETARIA DISTRITAL DE AMBIENTE Y TRANSICIÓN ENERGETICA DE LA ALCALDIA  DE BARRANCABERMEJA  DENTRO DEL PROYECTO DE IMPLEMENTACIÓN  DE PROMOTORES  AMBIENTALES PARA LA CONSTRUCCIÓN DE UNA CIUDAD SOSTENIBLE EN EL D,https://community.secop.gov.co/Public/Tendering/OpportunityDetail/Index?noticeUID=CO1.NTC.8885434&isFromPublicArea=True&isModal=true&asPopupView=true,03.v2.1,,,,,
CO1.PCCNTR.8410312,2025,Alcaldía Distrital de Barrancabermeja,Apoyo a la gestión,Sin rol,obra,PRESTACIÓN DE SERVICIOS COMO APOYO A LA GESTION PARA APOYAR LAS ACCIONES TÉCNICAS DE LA SECRETARIA DISTRITAL DE AMBIENTE Y TRANSICION ENERGETICA DE LA ALCALDIA DE BARRANCABERMEJA DENTRO DEL PROYECTO DE IMPLEMENTACION DE PROMOTORES AMBIENTALES PARA LA CONSTRUCCION DE UNA CIUDAD SOSTENIBLE EN EL DISTR,https://community.secop.gov.co/Public/Tendering/OpportunityDetail/Index?noticeUID=CO1.NTC.8887107&isFromPublicArea=True&isModal=true&asPopupView=true,03.v2.1,,,,,
CO1.PCCNTR.8410407,2025,Alcaldía Distrital de Barrancabermeja,Apoyo a la gestión,Sin rol,obra,PRESTACIÓN DE SERVICIOS COMO APOYO A LA GESTION PARA APOYAR LAS ACCIONES TÉCNICAS DE LA SECRETARIA DISTRITAL DE AMBIENTE Y TRANSICION ENERGETICA DE LA ALCALDIA DE BARRANCABERMEJA DENTRO DEL PROYECTO DE IMPLEMENTACION DE PROMOTORES AMBIENTALES PARA LA CONSTRUCCION DE UNA CIUDAD SOSTENIBLE EN EL DISTR,https://community.secop.gov.co/Public/Tendering/OpportunityDetail/Index?noticeUID=CO1.NTC.8886799&isFromPublicArea=True&isModal=true&asPopupView=true,03.v2.1,,,,,
CO1.PCCNTR.8410524,2025,Alcaldía Distrital de Barrancabermeja,Apoyo a la gestión,Sin rol,obra,PRESTACIÓN DE SERVICIOS COMO APOYO A LA GESTION PARA APOYAR LAS ACCIONES TÉCNICAS DE LA SECRETARIA DISTRITAL DE AMBIENTE Y TRANSICION ENERGETICA DE LA ALCALDIA DE BARRANCABERMEJA DENTRO DEL PROYECTO DE IMPLEMENTACION DE PROMOTORES AMBIENTALES PARA LA CONSTRUCCION DE UNA CIUDAD SOSTENIBLE EN EL DISTR,https://community.secop.gov.co/Public/Tendering/OpportunityDetail/Index?noticeUID=CO1.NTC.8887557&isFromPublicArea=True&isModal=true&asPopupView=true,03.v2.1,,,,,
CO1.PCCNTR.8410858,2025,Alcaldía Distrital de Barrancabermeja,Apoyo a la gestión,Sin rol,obra,PRESTACIÓN DE SERVICIOS COMO APOYO A LA GESTION PARA APOYAR LAS ACCIONES TÉCNICAS DE LA SECRETARIA DISTRITAL DE AMBIENTE Y TRANSICION ENERGETICA DE LA ALCALDIA DE BARRANCABERMEJA DENTRO DEL PROYECTO DE IMPLEMENTACION DE PROMOTORES AMBIENTALES PARA LA CONSTRUCCION DE UNA CIUDAD SOSTENIBLE EN EL DISTR,https://community.secop.gov.co/Public/Tendering/OpportunityDetail/Index?noticeUID=CO1.NTC.8887490&isFromPublicArea=True&isModal=true&asPopupView=true,03.v2.1,,,,,
CO1.PCCNTR.8410961,2025,Alcaldía Distrital de Barrancabermeja,Apoyo a la gestión,Sin rol,obra,PRESTACIÓN DE SERVICIOS COMO APOYO A LA GESTION PARA APOYAR LAS ACCIONES TÉCNICAS DE LA SECRETARIA DISTRITAL DE AMBIENTE Y TRANSICION ENERGETICA DE LA ALCALDIA DE BARRANCABERMEJA DENTRO DEL PROYECTO DE IMPLEMENTACION DE PROMOTORES AMBIENTALES PARA LA CONSTRUCCION DE UNA CIUDAD SOSTENIBLE EN EL DISTR,https://community.secop.gov.co/Public/Tendering/OpportunityDetail/Index?noticeUID=CO1.NTC.8888526&isFromPublicArea=True&isModal=true&asPopupView=true,03.v2.1,,,,,
CO1.PCCNTR.8411057,2025,Alcaldía Distrital de Barrancabermeja,Apoyo a la gestión,Sin rol,obra,PRESTACIÓN DE SERVICIOS COMO APOYO A LA GESTION PARA APOYAR LAS ACCIONES TÉCNICAS DE LA SECRETARIA DISTRITAL DE AMBIENTE Y TRANSICION ENERGETICA DE LA ALCALDIA DE BARRANCABERMEJA DENTRO DEL PROYECTO DE IMPLEMENTACION DE PROMOTORES AMBIENTALES PARA LA CONSTRUCCION DE UNA CIUDAD SOSTENIBLE EN EL DISTR,https://community.secop.gov.co/Public/Tendering/OpportunityDetail/Index?noticeUID=CO1.NTC.8888541&isFromPublicArea=True&isModal=true&asPopupView=true,03.v2.1,,,,,
CO1.PCCNTR.8411104,2025,Alcaldía Distrital de Barrancabermeja,Apoyo a la gestión,Sin rol,obra,PRESTACIÓN DE SERVICIOS COMO APOYO A LA GESTION PARA APOYAR LAS ACCIONES TÉCNICAS DE LA SECRETARIA DISTRITAL DE AMBIENTE Y TRANSICION ENERGETICA DE LA ALCALDIA DE BARRANCABERMEJA DENTRO DEL PROYECTO DE IMPLEMENTACION DE PROMOTORES AMBIENTALES PARA LA CONSTRUCCION DE UNA CIUDAD SOSTENIBLE EN EL DISTR,https://community.secop.gov.co/Public/Tendering/OpportunityDetail/Index?noticeUID=CO1.NTC.8888302&isFromPublicArea=True&isModal=true&asPopupView=true,03.v2.1,,,,,
CO1.PCCNTR.8411197,2025,Alcaldía Distrital de Barrancabermeja,Apoyo a la gestión,Sin rol,obra,PRESTACIÓN DE SERVICIOS COMO APOYO A LA GESTION PARA APOYAR LAS ACCIONES TÉCNICAS DE LA SECRETARIA DISTRITAL DE AMBIENTE Y TRANSICION ENERGETICA DE LA ALCALDIA DE BARRANCABERMEJA DENTRO DEL PROYECTO DE IMPLEMENTACION DE PROMOTORES AMBIENTALES PARA LA CONSTRUCCION DE UNA CIUDAD SOSTENIBLE EN EL DISTR,https://community.secop.gov.co/Public/Tendering/OpportunityDetail/Index?noticeUID=CO1.NTC.8889041&isFromPublicArea=True&isModal=true&asPopupView=true,03.v2.1,,,,,
CO1.PCCNTR.8411310,2025,Alcaldía Distrital de Barrancabermeja,Apoyo a la gestión,Sin rol,obra,PRESTACIÓN DE SERVICIOS COMO APOYO A LA GESTION PARA APOYAR LAS ACCIONES TÉCNICAS DE LA SECRETARIA DISTRITAL DE AMBIENTE Y TRANSICION ENERGETICA DE LA ALCALDIA DE BARRANCABERMEJA DENTRO DEL PROYECTO DE IMPLEMENTACION DE PROMOTORES AMBIENTALES PARA LA CONSTRUCCION DE UNA CIUDAD SOSTENIBLE EN EL DISTR,https://community.secop.gov.co/Public/Tendering/OpportunityDetail/Index?noticeUID=CO1.NTC.8888825&isFromPublicArea=True&isModal=true&asPopupView=true,03.v2.1,,,,,
CO1.PCCNTR.8411395,2025,Alcaldía Distrital de Barrancabermeja,Apoyo a la gestión,Sin rol,obra,PRESTACIÓN DE SERVICIOS COMO APOYO A LA GESTION PARA APOYAR LAS ACCIONES TÉCNICAS DE LA SECRETARIA DISTRITAL DE AMBIENTE Y TRANSICION ENERGETICA DE LA ALCALDIA DE BARRANCABERMEJA DENTRO DEL PROYECTO DE IMPLEMENTACION DE PROMOTORES AMBIENTALES PARA LA CONSTRUCCION DE UNA CIUDAD SOSTENIBLE EN EL DISTR,https://community.secop.gov.co/Public/Tendering/OpportunityDetail/Index?noticeUID=CO1.NTC.8889816&isFromPublicArea=True&isModal=true&asPopupView=true,03.v2.1,,,,,
CO1.PCCNTR.8411484,2025,Alcaldía Distrital de Barrancabermeja,Apoyo a la gestión,Sin rol,obra,PRESTACIÓN DE SERVICIOS COMO APOYO A LA GESTION PARA APOYAR LAS ACCIONES TÉCNICAS DE LA SECRETARIA DISTRITAL DE AMBIENTE Y TRANSICION ENERGETICA DE LA ALCALDIA DE BARRANCABERMEJA DENTRO DEL PROYECTO DE IMPLEMENTACION DE PROMOTORES AMBIENTALES PARA LA CONSTRUCCION DE UNA CIUDAD SOSTENIBLE EN EL DISTR,https://community.secop.gov.co/Public/Tendering/OpportunityDetail/Index?noticeUID=CO1.NTC.8889132&isFromPublicArea=True&isModal=true&asPopupView=true,03.v2.1,,,,,
CO1.PCCNTR.8411668,2025,Alcaldía Distrital de Barrancabermeja,Apoyo a la gestión,Sin rol,obra,PRESTACIÓN DE SERVICIOS COMO APOYO A LA GESTION PARA APOYAR LAS ACCIONES TÉCNICAS DE LA SECRETARIA DISTRITAL DE AMBIENTE Y TRANSICION ENERGETICA DE LA ALCALDIA DE BARRANCABERMEJA DENTRO DEL PROYECTO DE IMPLEMENTACION DE PROMOTORES AMBIENTALES PARA LA CONSTRUCCION DE UNA CIUDAD SOSTENIBLE EN EL DISTR,https://community.secop.gov.co/Public/Tendering/OpportunityDetail/Index?noticeUID=CO1.NTC.8889610&isFromPublicArea=True&isModal=true&asPopupView=true,03.v2.1,,,,,
CO1.PCCNTR.8411912,2025,Alcaldía Distrital de Barrancabermeja,Apoyo a la gestión,Sin rol,obra,PRESTACIÓN DE SERVICIOS COMO APOYO A LA GESTION PARA APOYAR LAS ACCIONES TÉCNICAS DE LA SECRETARIA DISTRITAL DE AMBIENTE Y TRANSICION ENERGETICA DE LA ALCALDIA DE BARRANCABERMEJA DENTRO DEL PROYECTO DE IMPLEMENTACION DE PROMOTORES AMBIENTALES PARA LA CONSTRUCCION DE UNA CIUDAD SOSTENIBLE EN EL DISTR,https://community.secop.gov.co/Public/Tendering/OpportunityDetail/Index?noticeUID=CO1.NTC.8889319&isFromPublicArea=True&isModal=true&asPopupView=true,03.v2.1,,,,,
CO1.PCCNTR.8412016,2025,Alcaldía Distrital de Barrancabermeja,Apoyo a la gestión,Sin rol,obra,PRESTACIÓN DE SERVICIOS COMO APOYO A LA GESTION PARA APOYAR LAS ACCIONES TÉCNICAS DE LA SECRETARIA DISTRITAL DE AMBIENTE Y TRANSICION ENERGETICA DE LA ALCALDIA DE BARRANCABERMEJA DENTRO DEL PROYECTO DE IMPLEMENTACION DE PROMOTORES AMBIENTALES PARA LA CONSTRUCCION DE UNA CIUDAD SOSTENIBLE EN EL DISTR,https://community.secop.gov.co/Public/Tendering/OpportunityDetail/Index?noticeUID=CO1.NTC.8889465&isFromPublicArea=True&isModal=true&asPopupView=true,03.v2.1,,,,,
CO1.PCCNTR.8412917,2025,Alcaldía Distrital de Barrancabermeja,Apoyo a la gestión,Sin rol,obra,PRESTACIÓN DE SERVICIOS COMO APOYO A LA GESTION PARA APOYAR LAS ACCIONES TÉCNICAS DE LA SECRETARIA DISTRITAL DE AMBIENTE Y TRANSICION ENERGETICA DE LA ALCALDIA DE BARRANCABERMEJA DENTRO DEL PROYECTO DE IMPLEMENTACION DE PROMOTORES AMBIENTALES PARA LA CONSTRUCCION DE UNA CIUDAD SOSTENIBLE EN EL DISTR,https://community.secop.gov.co/Public/Tendering/OpportunityDetail/Index?noticeUID=CO1.NTC.8890470&isFromPublicArea=True&isModal=true&asPopupView=true,03.v2.1,,,,,
CO1.PCCNTR.8413095,2025,Alcaldía Distrital de Barrancabermeja,Apoyo a la gestión,Sin rol,obra,PRESTACIÓN DE SERVICIOS COMO APOYO A LA GESTION PARA APOYAR LAS ACCIONES TÉCNICAS DE LA SECRETARIA DISTRITAL DE AMBIENTE Y TRANSICION ENERGETICA DE LA ALCALDIA DE BARRANCABERMEJA DENTRO DEL PROYECTO DE IMPLEMENTACION DE PROMOTORES AMBIENTALES PARA LA CONSTRUCCION DE UNA CIUDAD SOSTENIBLE EN EL DISTR,https://community.secop.gov.co/Public/Tendering/OpportunityDetail/Index?noticeUID=CO1.NTC.8891338&isFromPublicArea=True&isModal=true&asPopupView=true,03.v2.1,,,,,
CO1.PCCNTR.8413201,2025,Alcaldía Distrital de Barrancabermeja,Apoyo a la gestión,Sin rol,obra,PRESTACIÓN DE SERVICIOS COMO APOYO A LA GESTION PARA APOYAR LAS ACCIONES TÉCNICAS DE LA SECRETARIA DISTRITAL DE AMBIENTE Y TRANSICION ENERGETICA DE LA ALCALDIA DE BARRANCABERMEJA DENTRO DEL PROYECTO DE IMPLEMENTACION DE PROMOTORES AMBIENTALES PARA LA CONSTRUCCION DE UNA CIUDAD SOSTENIBLE EN EL DISTR,https://community.secop.gov.co/Public/Tendering/OpportunityDetail/Index?noticeUID=CO1.NTC.8890474&isFromPublicArea=True&isModal=true&asPopupView=true,03.v2.1,,,,,
CO1.PCCNTR.8413673,2025,Alcaldía Distrital de Barrancabermeja,Apoyo a la gestión,Sin rol,obra,PRESTACIÓN DE SERVICIOS COMO APOYO A LA GESTION PARA APOYAR LAS ACCIONES TÉCNICAS DE LA SECRETARIA DISTRITAL DE AMBIENTE Y TRANSICION ENERGETICA DE LA ALCALDIA DE BARRANCABERMEJA DENTRO DEL PROYECTO DE IMPLEMENTACION DE PROMOTORES AMBIENTALES PARA LA CONSTRUCCION DE UNA CIUDAD SOSTENIBLE EN EL DISTR,https://community.secop.gov.co/Public/Tendering/OpportunityDetail/Index?noticeUID=CO1.NTC.8892214&isFromPublicArea=True&isModal=true&asPopupView=true,03.v2.1,,,,,
CO1.PCCNTR.8414007,2025,Alcaldía Distrital de Barrancabermeja,Apoyo a la gestión,Sin rol,obra,PRESTACIÓN DE SERVICIOS COMO APOYO A LA GESTION PARA APOYAR LAS ACCIONES TÉCNICAS DE LA SECRETARIA DISTRITAL DE AMBIENTE Y TRANSICION ENERGETICA DE LA ALCALDIA DE BARRANCABERMEJA DENTRO DEL PROYECTO DE IMPLEMENTACION DE PROMOTORES AMBIENTALES PARA LA CONSTRUCCION DE UNA CIUDAD SOSTENIBLE EN EL DISTR,https://community.secop.gov.co/Public/Tendering/OpportunityDetail/Index?noticeUID=CO1.NTC.8891294&isFromPublicArea=True&isModal=true&asPopupView=true,03.v2.1,,,,,
CO1.PCCNTR.8415108,2025,Alcaldía Distrital de Barrancabermeja,Apoyo a la gestión,Sin rol,obra,PRESTACIÓN DE SERVICIOS COMO APOYO A LA GESTION PARA APOYAR LAS ACCIONES TÉCNICAS DE LA SECRETARIA DISTRITAL DE AMBIENTE Y TRANSICION ENERGETICA DE LA ALCALDIA DE BARRANCABERMEJA DENTRO DEL PROYECTO DE IMPLEMENTACION DE PROMOTORES AMBIENTALES PARA LA CONSTRUCCION DE UNA CIUDAD SOSTENIBLE EN EL DISTR,https://community.secop.gov.co/Public/Tendering/OpportunityDetail/Index?noticeUID=CO1.NTC.8892973&isFromPublicArea=True&isModal=true&asPopupView=true,03.v2.1,,,,,
CO1.PCCNTR.8435176,2025,Alcaldía Distrital de Barrancabermeja,Apoyo a la gestión,Sin rol,obra,PRESTACIÓN DE SERVICIOS COMO APOYO A LA GESTION PARA APOYAR LAS ACCIONES TÉCNICAS DE LA SECRETARIA DISTRITAL DE AMBIENTE Y TRANSICION ENERGETICA DE LA ALCALDIA DE BARRANCABERMEJA DENTRO DEL PROYECTO DE IMPLEMENTACION DE PROMOTORES AMBIENTALES PARA LA CONSTRUCCION DE UNA CIUDAD SOSTENIBLE EN EL DISTR,https://community.secop.gov.co/Public/Tendering/OpportunityDetail/Index?noticeUID=CO1.NTC.8923149&isFromPublicArea=True&isModal=true&asPopupView=true,03.v2.1,,,,,
CO1.PCCNTR.8443285,2025,Alcaldía Distrital de Barrancabermeja,Apoyo a la gestión,Sin rol,obra,PRESTACIÓN DE SERVICIOS COMO APOYO A LA GESTION PARA APOYAR LAS ACCIONES TÉCNICAS DE LA SECRETARIA DISTRITAL DE AMBIENTE Y TRANSICION ENERGETICA DE LA ALCALDIA DE BARRANCABERMEJA DENTRO DEL PROYECTO DE IMPLEMENTACION DE PROMOTORES AMBIENTALES PARA LA CONSTRUCCION DE UNA CIUDAD SOSTENIBLE EN EL DISTR,https://community.secop.gov.co/Public/Tendering/OpportunityDetail/Index?noticeUID=CO1.NTC.8933402&isFromPublicArea=True&isModal=true&asPopupView=true,03.v2.1,,,,,
CO1.PCCNTR.8443400,2025,Alcaldía Distrital de Barrancabermeja,Apoyo a la gestión,Sin rol,obra,PRESTACIÓN DE SERVICIOS COMO APOYO A LA GESTION PARA APOYAR LAS ACCIONES TÉCNICAS DE LA SECRETARIA DISTRITAL DE AMBIENTE Y TRANSICION ENERGETICA DE LA ALCALDIA DE BARRANCABERMEJA DENTRO DEL PROYECTO DE IMPLEMENTACION DE PROMOTORES AMBIENTALES PARA LA CONSTRUCCION DE UNA CIUDAD SOSTENIBLE EN EL DISTR,https://community.secop.gov.co/Public/Tendering/OpportunityDetail/Index?noticeUID=CO1.NTC.8933158&isFromPublicArea=True&isModal=true&asPopupView=true,03.v2.1,,,,,
CO1.PCCNTR.8451749,2025,Alcaldía Distrital de Barrancabermeja,Apoyo a la gestión,Sin rol,obra,PRESTACIÓN DE SERVICIOS COMO APOYO A LA GESTION PARA APOYAR LAS ACCIONES TÉCNICAS DE LA SECRETARIA DISTRITAL DE AMBIENTE Y TRANSICION ENERGETICA DE LA ALCALDIA DE BARRANCABERMEJA DENTRO DEL PROYECTO DE IMPLEMENTACION DE PROMOTORES AMBIENTALES PARA LA CONSTRUCCION DE UNA CIUDAD SOSTENIBLE EN EL DISTR,https://community.secop.gov.co/Public/Tendering/OpportunityDetail/Index?noticeUID=CO1.NTC.8944691&isFromPublicArea=True&isModal=true&asPopupView=true,03.v2.1,,,,,
CO1.PCCNTR.8457234,2025,Alcaldía Distrital de Barrancabermeja,Apoyo a la gestión,Sin rol,obra,PRESTACIÓN DE SERVICIOS COMO APOYO A LA GESTION PARA APOYAR LAS ACCIONES TÉCNICAS DE LA SECRETARIA DISTRITAL DE AMBIENTE Y TRANSICION ENERGETICA DE LA ALCALDIA DE BARRANCABERMEJA DENTRO DEL PROYECTO DE IMPLEMENTACION DE PROMOTORES AMBIENTALES PARA LA CONSTRUCCION DE UNA CIUDAD SOSTENIBLE EN EL DISTR,https://community.secop.gov.co/Public/Tendering/OpportunityDetail/Index?noticeUID=CO1.NTC.8951735&isFromPublicArea=True&isModal=true&asPopupView=true,03.v2.1,,,,,
CO1.PCCNTR.8489046,2025,Alcaldía Distrital de Barrancabermeja,Apoyo a la gestión,Sin rol,,PRESTACIÓN DE SERVICIOS DE APOYO A LA GESTIÓN PARA APOYAR EL DESARROLLO Y EJECUCIÓN DE LAS ACTIVIDADES Y EVENTOS DE FORTALECIMIENTO EMPRESARIAL QUE SE GENEREN DESDE LAS DIFERENTES LÍNEAS DE ACCIÓN PROPIAS DE LA DIRECCIÓN DE EMPRENDIMIENTO Y COMPETITIVIDAD DEL DISTRITO DE BARRANCABERMEJA,https://community.secop.gov.co/Public/Tendering/OpportunityDetail/Index?noticeUID=CO1.NTC.8997353&isFromPublicArea=True&isModal=true&asPopupView=true,03.v2.1,,,,,
CO1.PCCNTR.8510760,2025,Alcaldía Distrital de Barrancabermeja,Apoyo a la gestión,Sin rol,obra,PRESTACIÓN DE SERVICIOS COMO APOYO A LA GESTION PARA APOYAR LAS ACCIONES TÉCNICAS DE LA SECRETARIA DISTRITAL DE AMBIENTE Y TRANSICION ENERGETICA DE LA ALCALDIA DE BARRANCABERMEJA DENTRO DEL PROYECTO DE IMPLEMENTACION DE PROMOTORES AMBIENTALES PARA LA CONSTRUCCION DE UNA CIUDAD SOSTENIBLE EN EL DISTR,https://community.secop.gov.co/Public/Tendering/OpportunityDetail/Index?noticeUID=CO1.NTC.9023736&isFromPublicArea=True&isModal=true&asPopupView=true,03.v2.1,,,,,
CO1.PCCNTR.8585602,2025,Alcaldía Distrital de Barrancabermeja,Apoyo a la gestión,Sin rol,obra,PRESTACIÓN DE SERVICIOS COMO APOYO A LA GESTION PARA APOYAR LAS ACCIONES TÉCNICAS DE LA SECRETARIA DISTRITAL DE AMBIENTE Y TRANSICION ENERGETICA DE LA ALCALDIA DE BARRANCABERMEJA DENTRO DEL PROYECTO DE IMPLEMENTACION DE PROMOTORES AMBIENTALES PARA LA CONSTRUCCION DE UNA CIUDAD SOSTENIBLE EN EL DISTR,https://community.secop.gov.co/Public/Tendering/OpportunityDetail/Index?noticeUID=CO1.NTC.9120197&isFromPublicArea=True&isModal=true&asPopupView=true,03.v2.1,,,,,
CO1.PCCNTR.8611741,2025,Alcaldía Distrital de Barrancabermeja,Apoyo a la gestión,Sin rol,,PRESTACIÓN DE SERVICIOS DE APOYO A LA GESTIÓN PARA APOYAR LAS GESTIONES ADMINISTRATIVAS QUE SE GENEREN DESDE LA DIRECCIÓN DE CATASTRO MULTIPROPÓSITO DEL DISTRITO DE BARRANCABERMEJA,https://community.secop.gov.co/Public/Tendering/OpportunityDetail/Index?noticeUID=CO1.NTC.9158103&isFromPublicArea=True&isModal=true&asPopupView=true,03.v2.1,,,,,
CO1.PCCNTR.8629976,2025,Alcaldía Distrital de Barrancabermeja,Apoyo a la gestión,Sin rol,,PRESTACIÓN DE SERVICIOS COMO APOYO A LA GESTIÓN PARA ACOMPAÑAR LAS ACTIVIDADES A DESARROLLAR DESDE LA SECRETARÍA DISTRITAL DE DESARROLLO ECONÓMICO; AGROPECUARIO Y TURÍSTICO DEL DISTRITO DE BARRANCABERMEJA,https://community.secop.gov.co/Public/Tendering/OpportunityDetail/Index?noticeUID=CO1.NTC.9182695&isFromPublicArea=True&isModal=true&asPopupView=true,03.v2.1,,,,,
CO1.PCCNTR.7356322,2025,Alcaldía Distrital de Barrancabermeja,Profesional,Profesional,,PRESTACION DE SERVICIOS PROFESIONALES COMO INGENIERO DE SISTEMAS PARA APOYAR EL DESARROLLO DEL PROYECTO DESARROLLO ESTRATEGICO DE LOS PROCESOS INTERNOS DE LA SECRETARÍA DE PLANEACIÓN DISTRITAL  BARRANCABERMEJA,https://community.secop.gov.co/Public/Tendering/OpportunityDetail/Index?noticeUID=CO1.NTC.7479037&isFromPublicArea=True&isModal=true&asPopupView=true,03.v2.1,,,,,
CO1.PCCNTR.7417348,2025,Alcaldía Distrital de Barrancabermeja,Profesional,Profesional,,PRESTAR SERVICIOS PROFESIONALES COMO ABOGADA ESPECIALISTA; PARA ASESORAR Y APOYAR LOS PROCESOS DE CONTRATACION Y TRAMITES JURIDICOS; DESDE LA SECRETARIA DE AGRICULTURA PESCA Y DESARROLLO RURAL DE LA ALCALDIA DISTRITAL DE BARRANCABERMEJA,https://community.secop.gov.co/Public/Tendering/OpportunityDetail/Index?noticeUID=CO1.NTC.7546295&isFromPublicArea=True&isModal=true&asPopupView=true,03.v2.1,,,,,
CO1.PCCNTR.8028905,2025,Alcaldía Distrital de Barrancabermeja,Profesional,Sin rol,,PRESTACION DE SERVICIOS PROFESIONALES COMO TRABAJADOR (A) SOCIAL PARA BRINDAR APOYO EN PROCESOS SOCIALES DESARROLLADOS DESDE LA SECRETARÍA DISTRITAL DEL INTERIOR DE BARRANCABERMEJA EN MARCO DEL PROYECTO APOYO A LA IMPLEMENTACIÓN DE ACCIONES QUE DINAMICEN Y FORTALEZCAN LOS DIFERENTES PROCESOS A NIVEL,https://community.secop.gov.co/Public/Tendering/OpportunityDetail/Index?noticeUID=CO1.NTC.8352822&isFromPublicArea=True&isModal=true&asPopupView=true,03.v2.1,,,,,
CO1.PCCNTR.8132719,2025,Alcaldía Distrital de Barrancabermeja,Profesional,Profesional,,PRESTACION DE SERVICIOS PROFESIONALES COMO ABOGADO (A); PARA BRINDAR APOYO; ACOMPAÑAMIENTO; SEGUIMIENTO Y ASESORIA JURIDICA EN LOS PROCESOS ADMINISTRATIVOS Y DE CONTRATACION QUE SE DESARROLLEN DENTRO DEL PROYECTO DE FORTALECIMIENTO INSTITUCIONAL DE LA SECRETARIA DISTRITAL DE AMBIENTE Y TRANSICION EN,https://community.secop.gov.co/Public/Tendering/OpportunityDetail/Index?noticeUID=CO1.NTC.8508573&isFromPublicArea=True&isModal=true&asPopupView=true,03.v2.1,,,,,
CO1.PCCNTR.8133832,2025,Alcaldía Distrital de Barrancabermeja,Profesional,Profesional,,PRESTAR SERVICIOS PROFESIONALES COMO INGENIERO DE SISTEMAS CON ESPECIALIZACION EN TELECOMUNICACIONES PARA APOYAR EL DESARROLLO DE LAS ACTIVIDADES EN EL MARCO DEL PROYECTO DE FORTALECIMIENTO INSTITUCIONAL DE LA ADMINISTRACIÓN PÚBLICA DISTRITAL DE LA GERENCIA DE TECNOLOGIAS DE LA INFORMACION Y LAS CO,https://community.secop.gov.co/Public/Tendering/OpportunityDetail/Index?noticeUID=CO1.NTC.8510000&isFromPublicArea=True&isModal=true&asPopupView=true,03.v2.1,,,,,
CO1.PCCNTR.8149088,2025,Alcaldía Distrital de Barrancabermeja,Profesional,Profesional,,PRESTACIÓN DE SERVICIOS PROFESIONALES COMO PSICÓLOGA PARA APOYAR LOS PROCESOS DESDE EL COMPONENTE PSICOSOCIAL ORIENTADOS A LA ATENCIÓN A CIUDADANOS E IMPLEMENTACIÓN DE PROGRAMAS DE SENSIBILIZACIÓN Y DE INCLUSIÓN SOCIAL QUE SE DESARROLLAN EN EL PROYECTO IMPLEMENTACIÓN DE UNA ESTRATEGIA PARA LA CONSOL,https://community.secop.gov.co/Public/Tendering/OpportunityDetail/Index?noticeUID=CO1.NTC.8533533&isFromPublicArea=True&isModal=true&asPopupView=true,03.v2.1,,,,,
CO1.PCCNTR.8173389,2025,Alcaldía Distrital de Barrancabermeja,Profesional,Profesional,,PRESTACIÓN DE SERVICIOS PROFESIONALES COMO INGENIERO DE TELECOMUNICACIONES PARA BRINDAR APOYO EN LAS ACTIVIDADES PROPIAS DE LA SECRETARÍA DE EDUCACIÓN EN DESARROLLO DEL PROYECTO FORTALECIMIENTO DE ESTRATEGIAS QUE GARANTIZAN UNA ADECUADA PRESTACION DEL SERVICIO EN LOS ESTABLECIMIENTOS EDUCATIVOS OFIC,https://community.secop.gov.co/Public/Tendering/OpportunityDetail/Index?noticeUID=CO1.NTC.8566992&isFromPublicArea=True&isModal=true&asPopupView=true,03.v2.1,,,,,
CO1.PCCNTR.8343433,2025,Alcaldía Distrital de Barrancabermeja,Profesional,Profesional,,PRESTACIÓN DE SERVICIOS PROFESIONALES COMO ABOGADO (A) PARA APOYAR JURÍDICAMENTE LOS TRÁMITES CONTRACTUALES Y ADMINISTRATIVOS QUE ADELANTEN EN LA DIRECCIÓN DE GESTIÓN DOCUMENTAL; EN DESARROLLO DE LA ACTIVIDAD NO. 2 ÍTEM 2;7;2;1 EN MARCO DEL PROYECTO APOYO Y FORTALECIMIENTO INSTITUCIONAL A LAS POLÍTI,https://community.secop.gov.co/Public/Tendering/OpportunityDetail/Index?noticeUID=CO1.NTC.8803750&isFromPublicArea=True&isModal=true&asPopupView=true,03.v2.1,,,,,
CO1.PCCNTR.8360816,2025,Alcaldía Distrital de Barrancabermeja,Profesional,Sin rol,,PRESTACIÓN DE SERVICIOS PROFESIONALES COMO COMUNICADOR (A) SOCIAL PARA BRINDAR ACOMPAÑAMIENTO EN LAS DIFERENTES ACTIVIDADES DE LA DIRECCIÓN DE JUVENTUDES DEL DISTRITO DE BARRANCABERMEJA,https://community.secop.gov.co/Public/Tendering/OpportunityDetail/Index?noticeUID=CO1.NTC.8826317&isFromPublicArea=True&isModal=true&asPopupView=true,03.v2.1,,,,,
CO1.PCCNTR.8453908,2025,Alcaldía Distrital de Barrancabermeja,Profesional,Profesional,,PRESTACIÓN DE SERVICIOS PROFESIONALES COMO FISIOTERAPEUTA; PARA BRINDAR APOYO Y FORTALECER LAS ACCIONES EN SALUD PUBLICA EN DESARROLLO DE LA ESTRATEGIA IEC Y REC CON ENFOQUE DIFERENCIAL EN DISCAPACIDAD EN EL MARCO DEL PLAN DECENAL DE SALUD PÚBLICA EN EL DISTRITO BARRANCABERMEJA,https://community.secop.gov.co/Public/Tendering/OpportunityDetail/Index?noticeUID=CO1.NTC.8946995&isFromPublicArea=True&isModal=true&asPopupView=true,03.v2.1,,,,,
CO1.PCCNTR.8475230,2025,Alcaldía Distrital de Barrancabermeja,Profesional,Profesional,,PRESTACION DE SERVICIOS PROFESIONALES COMO INGENIERO (A) INDUSTRIAL; ESPECIALISTA PARA APOYAR LA PLANEACIÓN Y SEGUIMIENTO DE LOS PROCESOS ESTRATÉGICOS; EN LA FORMULACIÓN Y ACTUALIZACIÓN DE LOS PROYECTOS DENTRO DEL PROYECTO DE FORTALECIMIENTO INSTITUCIONAL DE LA SECRETARÍA DISTRITAL DE AMBIENTE Y TRA,https://community.secop.gov.co/Public/Tendering/OpportunityDetail/Index?noticeUID=CO1.NTC.8976448&isFromPublicArea=True&isModal=true&asPopupView=true,03.v2.1,,,,,
CO1.PCCNTR.8475328,2025,Alcaldía Distrital de Barrancabermeja,Profesional,Sin rol,,PRESTACIÓN DE SERVICIOS PROFESIONALES COMO ADMINISTRADOR (A) DE EMPRESAS PARA BRINDAR APOYO EN EL SEGUIMIENTO Y APOYO A LA SUPERVISIÓN DE LOS PROGRAMAS Y SERVICIOS PRESTADOS DIRECTA E INDIRECTAMENTE DE LA DIRECCIÓN DE GRUPOS DE ESPECIAL PROTECCIÓN DE LA SECRETARIA DISTRITAL DE LAS MUJERES Y LA INCLU,https://community.secop.gov.co/Public/Tendering/OpportunityDetail/Index?noticeUID=CO1.NTC.8976470&isFromPublicArea=True&isModal=true&asPopupView=true,03.v2.1,,,,,
CO1.PCCNTR.8482036,2025,Alcaldía Distrital de Barrancabermeja,Profesional,Profesional,,PRESTACIÓN DE SERVICIOS PROFESIONALES COMO INGENIERO INDUSTRIAL PARA APOYAR LAS ACTIVIDADES DE LA SECRETARÍA DE PLANEACIÓN EN EL PROYECTO DESARROLLO ESTRATÉGICO DE LOS PROCESOS INTERNOS DE LA SECRETARÍA DE PLANEACIÓN DISTRITAL DE BARRANCABERMEJA,https://community.secop.gov.co/Public/Tendering/OpportunityDetail/Index?noticeUID=CO1.NTC.8987932&isFromPublicArea=True&isModal=true&asPopupView=true,03.v2.1,,,,,
CO1.PCCNTR.8609944,2025,Alcaldía Distrital de Barrancabermeja,Profesional,Profesional,,PRESTACIÓN DE SERVICIOS PROFESIONALES COMO MÉDICO VETERINARIO ZOOTECNISTA DE APOYO ADMINISTRATIVO Y GESTIÓN DE LOS PROCESOS DE INVESTIGACIÓN Y/O INNOVACIÓN DE LA DIRECCIÓN DE DESARROLLO RURAL; AGRICULTURA Y PESCA,https://community.secop.gov.co/Public/Tendering/OpportunityDetail/Index?noticeUID=CO1.NTC.9155019&isFromPublicArea=True&isModal=true&asPopupView=true,03.v2.1,,,,,
CO1.PCCNTR.8611233,2025,Alcaldía Distrital de Barrancabermeja,Profesional,Profesional,,PRESTACIÓN DE SERVICIOS PROFESIONALES COMO ABOGADO (A) PARA BRINDAR APOYO JURÍDICO DESDE LA GERENCIA DE TECNOLOGÍAS DE LA INFORMACIÓN Y LAS COMUNICACIONES DEL DISTRITO DE BARRANCABERMEJA,https://community.secop.gov.co/Public/Tendering/OpportunityDetail/Index?noticeUID=CO1.NTC.9156895&isFromPublicArea=True&isModal=true&asPopupView=true,03.v2.1,,,,,
CO1.PCCNTR.8781797,2026,Alcaldía Distrital de Barrancabermeja,Ambiguo,Sin rol,,PRESTACIÓN DE SERVICIOS COMO PROFESIONAL COMO ADMINISTRADOR (A) DE EMPRESAS PARA BRINDAR APOYO EN LOS PLANES Y POLÍTICAS QUE SE DESARROLLAN EN LA OFICINA DE RELACIONAMIENTO CON EL CIUDADANO,https://community.secop.gov.co/Public/Tendering/OpportunityDetail/Index?noticeUID=CO1.NTC.9405331&isFromPublicArea=True&isModal=true&asPopupView=true,03.v2.1,,,,,
CO1.PCCNTR.8829282,2026,Alcaldía Distrital de Barrancabermeja,Ambiguo,Sin rol,,PRESTACIÓN DE SERVICIOS COMO PROFESIONAL COMO ADMINISTRADOR (A) DE EMPRESAS PARA BRINDAR APOYO EN LOS PLANES Y POLÍTICAS QUE SE DESARROLLAN EN LA OFICINA DE RELACIONAMIENTO CON EL CIUDADANO,https://community.secop.gov.co/Public/Tendering/OpportunityDetail/Index?noticeUID=CO1.NTC.9459658&isFromPublicArea=True&isModal=true&asPopupView=true,03.v2.1,,,,,
CO1.PCCNTR.8858844,2026,Alcaldía Distrital de Barrancabermeja,Ambiguo,Sin rol,,PRESTACIÓN DE SERVICIOS PROFESIONALES COMO ADMINISTRADOR (A) DE EMPRESAS PARA REALIZAR AVALÚOS A LOS DIFERENTES BIENES DE PROPIEDAD DEL DISTRITO DE BARRANCABERMEJA BRINDADO APOYO A LA GESTIÓN ADMINISTRATIVA Y FUNCIONAL DE LA DIRECCIÓN DE SERVICIOS ADMINISTRATIVOS DE LA ALCALDÍA DISTRITAL DE BARRANCA,https://community.secop.gov.co/Public/Tendering/OpportunityDetail/Index?noticeUID=CO1.NTC.9489000&isFromPublicArea=True&isModal=true&asPopupView=true,03.v2.1,,,,,
CO1.PCCNTR.8875984,2026,Alcaldía Distrital de Barrancabermeja,Ambiguo,Sin rol,,PRESTACION DE SERVICIOS COMO  A LA GESTION PARA ACOMPANAR Y ASISTIR EN LAS ACTIVIDADES DESARROLLADAS EN EL PROGRAMA DE FAMILIA PARA EL FORTALECIMIENTO EN LA MEJORA DE CONVIVENCIA FAMILIAR EN LOS HOGARES DEL DISTRITO DE BARRANCABERMEJA EN EL MARCO DEL PROYE DESARROLLO DE ACCIONES Y CAMPAÑAS PARA LA P,https://community.secop.gov.co/Public/Tendering/OpportunityDetail/Index?noticeUID=CO1.NTC.9507537&isFromPublicArea=True&isModal=true&asPopupView=true,03.v2.1,,,,,
CO1.PCCNTR.9126113,2026,Alcaldía Distrital de Barrancabermeja,Ambiguo,Sin rol,,PRESTACION DE SERVICIOS DE O A LA GESTION PARA AR LOS PROCESOS ADMINISTRATIVOS Y OPERATIVOS DE LA SECRETARIA DISTRITAL DE PLANEACION; DEL DISTRITO DE BARRANCABERMEJA.,https://community.secop.gov.co/Public/Tendering/OpportunityDetail/Index?noticeUID=CO1.NTC.9761661&isFromPublicArea=True&isModal=true&asPopupView=true,03.v2.1,,,,,
CO1.PCCNTR.9263485,2026,Alcaldía Distrital de Barrancabermeja,Ambiguo,Sin rol,,PRESTACIÓN DE SERVICIOS DE APOYAR LA IMPLEMENTACIÓN DEL PROGRAMA DE ATENCIÓN PSICOSOCIAL A VÍCTIMAS DEL CONFLICTO ARMADO - PAPSIVI EN EL TERRITORIO Y E.S.E ASIGNADAS; CONFORME A LOS LINEAMIENTOS DADOS POR EL MINISTERIO DE SALUD Y PROTECCIÓN SOCIAL.,https://community.secop.gov.co/Public/Tendering/OpportunityDetail/Index?noticeUID=CO1.NTC.9896305&isFromPublicArea=True&isModal=true&asPopupView=true,03.v2.1,,,,,
CO1.PCCNTR.9779700,2026,Alcaldía Distrital de Barrancabermeja,Ambiguo,Sin rol,,CUMPLIMIENTO DE SENTENCIA DE TUTELA DENTRO DEL PROCESO IDENTIFICADO BAJO RADICADO 68081400400320260010400 PROFERIDA POR EL JUZGADO TERCERO PENAL MUNICIPAL CON FUNCIÓN DE CONTROL DE GARANTÍAS Y CONOCIMIENTO DE BARRANCABERMEJA- 80111600 SANTANDER; OBJETO DEL CONTRATO: PRESTAR SERVICIOS COMO APOYO A LA,https://community.secop.gov.co/Public/Tendering/OpportunityDetail/Index?noticeUID=CO1.NTC.10667787&isFromPublicArea=True&isModal=true&asPopupView=true,03.v2.1,,,,,
CO1.PCCNTR.9795195,2026,Alcaldía Distrital de Barrancabermeja,Ambiguo,Sin rol,,PRESTACIÓN DE SERVICIOS COMO PROFESIONAL COMO ADMINISTRADOR (A) DE EMPRESAS PARA BRINDAR APOYO EN LOS PLANES Y POLÍTICAS QUE SE DESARROLLAN EN LA OFICINA DE RELACIONAMIENTO CON EL CIUDADANO,https://community.secop.gov.co/Public/Tendering/OpportunityDetail/Index?noticeUID=CO1.NTC.10689423&isFromPublicArea=True&isModal=true&asPopupView=true,03.v2.1,,,,,
CO1.PCCNTR.9834839,2026,Alcaldía Distrital de Barrancabermeja,Ambiguo,Sin rol,,PRESTACIÓN DE SERVICIOS EN ÁREAS ADMINISTRATIVAS; ECONOMICAS O CONTABLES CON ESPECIALIZACIÓN EN GERENCIA DE LA CALIDAD Y AUDITORÍA EN SALUD; PARA BRINDAR APOYO Y FORTALECER LAS ACCIONES DE INSPECCIÓN Y VIGILANCIA DEL COMPONENTE DE ASEGURAMIENTO Y PRESTACIÓN; PARA EL ADECUADO FUNCIONAMIENTO DE LA SEC,https://community.secop.gov.co/Public/Tendering/OpportunityDetail/Index?noticeUID=CO1.NTC.10740578&isFromPublicArea=True&isModal=true&asPopupView=true,03.v2.1,,,,,
CO1.PCCNTR.9838716,2026,Alcaldía Distrital de Barrancabermeja,Ambiguo,Sin rol,,PRESTACION DE SERVICIOS PROFESIONALES COMO ADMINISTRADOR (A) DE EMPRESAS PARA REALIZAR AVALÚOS A LOS DIFERENTES BIENES DE PROPIEDAD DEL DISTRITO DE BARRANCABERMEJA BRINDADO APOYO A LA GESTIÓN ADMINISTRATIVA Y FUNCIONAL DE LA DIRECCIÓN DE SERVICIOS ADMINISTRATIVOS DE LA ALCALDÍA DISTRITAL DE BARRANCA,https://community.secop.gov.co/Public/Tendering/OpportunityDetail/Index?noticeUID=CO1.NTC.10746563&isFromPublicArea=True&isModal=true&asPopupView=true,03.v2.1,,,,,
CO1.PCCNTR.9840692,2026,Alcaldía Distrital de Barrancabermeja,Ambiguo,Sin rol,,PRESTACIÓN DE SERVICIOS COMO PROFESIONAL COMO ADMINISTRADOR (A) DE EMPRESAS PARA BRINDAR APOYO EN LOS PLANES Y POLÍTICAS QUE SE DESARROLLAN EN LA OFICINA DE RELACIONAMIENTO CON EL CIUDADANO,https://community.secop.gov.co/Public/Tendering/OpportunityDetail/Index?noticeUID=CO1.NTC.10748858&isFromPublicArea=True&isModal=true&asPopupView=true,03.v2.1,,,,,
CO1.PCCNTR.9852397,2026,Alcaldía Distrital de Barrancabermeja,Ambiguo,Sin rol,,PRESTACIÓN DE SERVICIOS PROFESIONAL COMO ADMINISTRADORA DE EMPRESA; CON EL FIN DE BRINDAR APOYO TÉCNICO EN LA DIRECCIÓN DE TESORERÍA DE LA SECRETARÍA DE HACIENDA DISTRITAL DE BARRANCABERMEJA,https://community.secop.gov.co/Public/Tendering/OpportunityDetail/Index?noticeUID=CO1.NTC.10764484&isFromPublicArea=True&isModal=true&asPopupView=true,03.v2.1,,,,,
CO1.PCCNTR.9905208,2026,Alcaldía Distrital de Barrancabermeja,Ambiguo,Sin rol,,PRESTACIÓN DE SERVICIOS EN ÁREAS ADMINISTRATIVAS; ECONOMICAS O CONTABLES CON ESPECIALIZACIÓN EN GERENCIA DE PROYECTOS; PARA APOYAR LAS ACCIONES QUE SE REQUIEREN ADELANTAR PARA EL ADECUADO FUNCIONAMIENTO DE LA SECRETARIA DISTRITAL DE SALUD DE BARRANCABERMEJA EN EL MARCO DEL PLAN DECENAL DE SALUD PUBL,https://community.secop.gov.co/Public/Tendering/OpportunityDetail/Index?noticeUID=CO1.NTC.10839632&isFromPublicArea=True&isModal=true&asPopupView=true,03.v2.1,,,,,
CO1.PCCNTR.8797386,2026,Alcaldía Distrital de Barrancabermeja,Apoyo a la gestión,Sin rol,,PRESTACIÓN DE SERVICIOS COMO APOYO A LA GESTIÓN PARA BRINDAR ACOMPAÑAMIENTO A LAS ACTIVIDADES Y PROCESOS QUE SE DESARROLLAN EN LA OFICINA DE RELACIONAMIENTO CON EL CIUDADANO DE LA ALCALDÍA DISTRITAL DE BARRANCABERMEJA,https://community.secop.gov.co/Public/Tendering/OpportunityDetail/Index?noticeUID=CO1.NTC.9425011&isFromPublicArea=True&isModal=true&asPopupView=true,03.v2.1,,,,,
CO1.PCCNTR.8857988,2026,Alcaldía Distrital de Barrancabermeja,Apoyo a la gestión,Sin rol,,PRESTACION DE SERVICIOS DE APOYO A LA GESTION PARA BRINDAR ACOMPAÑAMIENTO LOGISTICO; OPERATIVO Y DE SEGUIMIENTO; EN EL DESARROLLO DE LAS JORNADAS DE SOCIALIZACION; SENSIBILIZACION; VIGILANCIA Y CONTROL; QUE SE LLEVAN A CABO EN LA DIRECCIÓN DE ESPACIO PÚBLICO Y CONTROL URBANO; ENCAMINADAS A LA PROTEC,https://community.secop.gov.co/Public/Tendering/OpportunityDetail/Index?noticeUID=CO1.NTC.9488458&isFromPublicArea=True&isModal=true&asPopupView=true,03.v2.1,,,,,
CO1.PCCNTR.8880049,2026,Alcaldía Distrital de Barrancabermeja,Apoyo a la gestión,Apoyo a la gestión,,PRESTACIÓN DE SERVICIOS DE APOYO A LA GESTIÓN COMO TÉCNICO EN EL ÀREA DE LA SALUD Y/O AUXILIAR DE ENFERMERÍA; AUXILIAR DE SALUD PÙBLICA Y/O PROMOTOR DE LA SALUD; PARA BRINDAR APOYO Y FORTALECER LAS ACCIONES Y/O ACTIVIDADES DEL COMPONENTE ENFERMEDADES ENDEMO-EPIDÉMICAS DE LA DIMENSIÓN VIDA SALUDABLE,https://community.secop.gov.co/Public/Tendering/OpportunityDetail/Index?noticeUID=CO1.NTC.9512141&isFromPublicArea=True&isModal=true&asPopupView=true,03.v2.1,,,,,
CO1.PCCNTR.8907254,2026,Alcaldía Distrital de Barrancabermeja,Apoyo a la gestión,Sin rol,,PRESTACIÓN DE SERVICIOS COMO APOYO A LA GESTIÓN PARA BRINDAR ACOMPAÑAMIENTO EN LAS ACTIVIDADES TERRITORIALES Y DE ORIENTACIÓN BÁSICA PARA PROMOVER EL BIENESTAR INTEGRAL DE LA POBLACIÓN DEL DISTRITO DE BARRANCABERMEJA EN EL MARCO DEL PROYECTO DESARROLLO DE UNA ESTRATEGIA DE BIENESTAR Y CUIDADO INTEGR,https://community.secop.gov.co/Public/Tendering/OpportunityDetail/Index?noticeUID=CO1.NTC.9540657&isFromPublicArea=True&isModal=true&asPopupView=true,03.v2.1,,,,,
CO1.PCCNTR.8935696,2026,Alcaldía Distrital de Barrancabermeja,Apoyo a la gestión,Sin rol,,PRESTACIÓN DE SERVICIOS DE APOYO A LA GESTIÓN RELACIONADO CON LAS CAMPAÑAS DE DIVULGACIÓN DE LA OFERTA INSTITUCIONAL DESDE LA OFICINA DE RELACIONAMIENTO CON EL CIUDADANO; EN DESARROLLO DE LA ACTIVIDAD No. 2 ITEM 2.1; EN EL MARCO DEL PROYECTO MEJORAMIENTO DEL DESEMPEÑO INSTITUCIONAL PARA OPTIMIZAR EL,https://community.secop.gov.co/Public/Tendering/OpportunityDetail/Index?noticeUID=CO1.NTC.9569720&isFromPublicArea=True&isModal=true&asPopupView=true,03.v2.1,,,,,
CO1.PCCNTR.8943585,2026,Alcaldía Distrital de Barrancabermeja,Apoyo a la gestión,Sin rol,obra,PRESTACIÓN DE SERVICIOS COMO APOYO A LA GESTION PARA APOYAR LAS ACCIONES TÉCNICAS DE LA SECRETARIA DISTRITAL DE AMBIENTE Y TRANSICIÓN ENERGÉTICA DE LA ALCALDÍA DE BARRANCABERMEJA DENTRO DEL PROYECTO DE IMPLEMENTACIÓN DE PROMOTORES AMBIENTALES PARA LA CONSTRUCCIÓN DE UNA CIUDAD SOSTENIBLE EN EL DISTR,https://community.secop.gov.co/Public/Tendering/OpportunityDetail/Index?noticeUID=CO1.NTC.9577069&isFromPublicArea=True&isModal=true&asPopupView=true,03.v2.1,,,,,
CO1.PCCNTR.8944032,2026,Alcaldía Distrital de Barrancabermeja,Apoyo a la gestión,Sin rol,obra,PRESTACIÓN DE SERVICIOS COMO APOYO A LA GESTION PARA APOYAR LAS ACCIONES TÉCNICAS DE LA SECRETARIA DISTRITAL DE AMBIENTE Y TRANSICIÓN ENERGÉTICA DE LA ALCALDÍA DE BARRANCABERMEJA DENTRO DEL PROYECTO DE IMPLEMENTACIÓN DE PROMOTORES AMBIENTALES PARA LA CONSTRUCCIÓN DE UNA CIUDAD SOSTENIBLE EN EL DISTR,https://community.secop.gov.co/Public/Tendering/OpportunityDetail/Index?noticeUID=CO1.NTC.9577477&isFromPublicArea=True&isModal=true&asPopupView=true,03.v2.1,,,,,
CO1.PCCNTR.8944221,2026,Alcaldía Distrital de Barrancabermeja,Apoyo a la gestión,Sin rol,obra,PRESTACIÓN DE SERVICIOS COMO APOYO A LA GESTION PARA APOYAR LAS ACCIONES TÉCNICAS DE LA SECRETARIA DISTRITAL DE AMBIENTE Y TRANSICIÓN ENERGÉTICA DE LA ALCALDÍA DE BARRANCABERMEJA DENTRO DEL PROYECTO DE IMPLEMENTACIÓN DE PROMOTORES AMBIENTALES PARA LA CONSTRUCCIÓN DE UNA CIUDAD SOSTENIBLE EN EL DISTR,https://community.secop.gov.co/Public/Tendering/OpportunityDetail/Index?noticeUID=CO1.NTC.9577592&isFromPublicArea=True&isModal=true&asPopupView=true,03.v2.1,,,,,
CO1.PCCNTR.8944305,2026,Alcaldía Distrital de Barrancabermeja,Apoyo a la gestión,Sin rol,obra,PRESTACIÓN DE SERVICIOS COMO APOYO A LA GESTION PARA APOYAR LAS ACCIONES TÉCNICAS DE LA SECRETARIA DISTRITAL DE AMBIENTE Y TRANSICIÓN ENERGÉTICA DE LA ALCALDÍA DE BARRANCABERMEJA DENTRO DEL PROYECTO DE IMPLEMENTACIÓN DE PROMOTORES AMBIENTALES PARA LA CONSTRUCCIÓN DE UNA CIUDAD SOSTENIBLE EN EL DISTR,https://community.secop.gov.co/Public/Tendering/OpportunityDetail/Index?noticeUID=CO1.NTC.9577717&isFromPublicArea=True&isModal=true&asPopupView=true,03.v2.1,,,,,
CO1.PCCNTR.8944366,2026,Alcaldía Distrital de Barrancabermeja,Apoyo a la gestión,Sin rol,obra,PRESTACIÓN DE SERVICIOS COMO APOYO A LA GESTION PARA APOYAR LAS ACCIONES TÉCNICAS DE LA SECRETARIA DISTRITAL DE AMBIENTE Y TRANSICIÓN ENERGÉTICA DE LA ALCALDÍA DE BARRANCABERMEJA DENTRO DEL PROYECTO DE IMPLEMENTACIÓN DE PROMOTORES AMBIENTALES PARA LA CONSTRUCCIÓN DE UNA CIUDAD SOSTENIBLE EN EL DISTR,https://community.secop.gov.co/Public/Tendering/OpportunityDetail/Index?noticeUID=CO1.NTC.9577788&isFromPublicArea=True&isModal=true&asPopupView=true,03.v2.1,,,,,
CO1.PCCNTR.8944433,2026,Alcaldía Distrital de Barrancabermeja,Apoyo a la gestión,Sin rol,obra,PRESTACIÓN DE SERVICIOS COMO APOYO A LA GESTION PARA APOYAR LAS ACCIONES TÉCNICAS DE LA SECRETARIA DISTRITAL DE AMBIENTE Y TRANSICIÓN ENERGÉTICA DE LA ALCALDÍA DE BARRANCABERMEJA DENTRO DEL PROYECTO DE IMPLEMENTACIÓN DE PROMOTORES AMBIENTALES PARA LA CONSTRUCCIÓN DE UNA CIUDAD SOSTENIBLE EN EL DISTR,https://community.secop.gov.co/Public/Tendering/OpportunityDetail/Index?noticeUID=CO1.NTC.9577924&isFromPublicArea=True&isModal=true&asPopupView=true,03.v2.1,,,,,
CO1.PCCNTR.8944441,2026,Alcaldía Distrital de Barrancabermeja,Apoyo a la gestión,Sin rol,obra,PRESTACIÓN DE SERVICIOS COMO APOYO A LA GESTION PARA APOYAR LAS ACCIONES TÉCNICAS DE LA SECRETARIA DISTRITAL DE AMBIENTE Y TRANSICIÓN ENERGÉTICA DE LA ALCALDÍA DE BARRANCABERMEJA DENTRO DEL PROYECTO DE IMPLEMENTACIÓN DE PROMOTORES AMBIENTALES PARA LA CONSTRUCCIÓN DE UNA CIUDAD SOSTENIBLE EN EL DISTR,https://community.secop.gov.co/Public/Tendering/OpportunityDetail/Index?noticeUID=CO1.NTC.9578002&isFromPublicArea=True&isModal=true&asPopupView=true,03.v2.1,,,,,
CO1.PCCNTR.8944721,2026,Alcaldía Distrital de Barrancabermeja,Apoyo a la gestión,Sin rol,obra,PRESTACIÓN DE SERVICIOS COMO APOYO A LA GESTION PARA APOYAR LAS ACCIONES TÉCNICAS DE LA SECRETARIA DISTRITAL DE AMBIENTE Y TRANSICIÓN ENERGÉTICA DE LA ALCALDÍA DE BARRANCABERMEJA DENTRO DEL PROYECTO DE IMPLEMENTACIÓN DE PROMOTORES AMBIENTALES PARA LA CONSTRUCCIÓN DE UNA CIUDAD SOSTENIBLE EN EL DISTR,https://community.secop.gov.co/Public/Tendering/OpportunityDetail/Index?noticeUID=CO1.NTC.9578216&isFromPublicArea=True&isModal=true&asPopupView=true,03.v2.1,,,,,
CO1.PCCNTR.8944779,2026,Alcaldía Distrital de Barrancabermeja,Apoyo a la gestión,Sin rol,obra,PRESTACIÓN DE SERVICIOS COMO APOYO A LA GESTION PARA APOYAR LAS ACCIONES TÉCNICAS DE LA SECRETARIA DISTRITAL DE AMBIENTE Y TRANSICIÓN ENERGÉTICA DE LA ALCALDÍA DE BARRANCABERMEJA DENTRO DEL PROYECTO DE IMPLEMENTACIÓN DE PROMOTORES AMBIENTALES PARA LA CONSTRUCCIÓN DE UNA CIUDAD SOSTENIBLE EN EL DISTR,https://community.secop.gov.co/Public/Tendering/OpportunityDetail/Index?noticeUID=CO1.NTC.9578640&isFromPublicArea=True&isModal=true&asPopupView=true,03.v2.1,,,,,
CO1.PCCNTR.8944870,2026,Alcaldía Distrital de Barrancabermeja,Apoyo a la gestión,Sin rol,obra,PRESTACIÓN DE SERVICIOS COMO APOYO A LA GESTION PARA APOYAR LAS ACCIONES TÉCNICAS DE LA SECRETARIA DISTRITAL DE AMBIENTE Y TRANSICIÓN ENERGÉTICA DE LA ALCALDÍA DE BARRANCABERMEJA DENTRO DEL PROYECTO DE IMPLEMENTACIÓN DE PROMOTORES AMBIENTALES PARA LA CONSTRUCCIÓN DE UNA CIUDAD SOSTENIBLE EN EL DISTR,https://community.secop.gov.co/Public/Tendering/OpportunityDetail/Index?noticeUID=CO1.NTC.9578189&isFromPublicArea=True&isModal=true&asPopupView=true,03.v2.1,,,,,
CO1.PCCNTR.8945419,2026,Alcaldía Distrital de Barrancabermeja,Apoyo a la gestión,Sin rol,obra,PRESTACIÓN DE SERVICIOS COMO APOYO A LA GESTION PARA APOYAR LAS ACCIONES TÉCNICAS DE LA SECRETARIA DISTRITAL DE AMBIENTE Y TRANSICIÓN ENERGÉTICA DE LA ALCALDÍA DE BARRANCABERMEJA DENTRO DEL PROYECTO DE IMPLEMENTACIÓN DE PROMOTORES AMBIENTALES PARA LA CONSTRUCCIÓN DE UNA CIUDAD SOSTENIBLE EN EL DISTR,https://community.secop.gov.co/Public/Tendering/OpportunityDetail/Index?noticeUID=CO1.NTC.9578698&isFromPublicArea=True&isModal=true&asPopupView=true,03.v2.1,,,,,
CO1.PCCNTR.8945808,2026,Alcaldía Distrital de Barrancabermeja,Apoyo a la gestión,Sin rol,obra,PRESTACION DE SERVICIOS COMO APOYO A LA GESTION PARA APOYAR LAS ACCIONES TECNICAS DE LA SECRETARIA DISTRITAL DE AMBIENTE Y TRANSICION ENERGETICA DE LA ALCALDIA DE BARRANCABERMEJA DENTRO DEL PROYECTO DE IMPLEMENTACION DE PROMOTORES AMBIENTALES PARA LA CONSTRUCCION DE UNA CIUDAD SOSTENIBLE EN EL DISTR,https://community.secop.gov.co/Public/Tendering/OpportunityDetail/Index?noticeUID=CO1.NTC.9579301&isFromPublicArea=True&isModal=true&asPopupView=true,03.v2.1,,,,,
CO1.PCCNTR.8945832,2026,Alcaldía Distrital de Barrancabermeja,Apoyo a la gestión,Sin rol,obra,PRESTACIÓN DE SERVICIOS COMO APOYO A LA GESTION PARA APOYAR LAS ACCIONES TÉCNICAS DE LA SECRETARIA DISTRITAL DE AMBIENTE Y TRANSICIÓN ENERGÉTICA DE LA ALCALDÍA DE BARRANCABERMEJA DENTRO DEL PROYECTO DE IMPLEMENTACIÓN DE PROMOTORES AMBIENTALES PARA LA CONSTRUCCIÓN DE UNA CIUDAD SOSTENIBLE EN EL DISTR,https://community.secop.gov.co/Public/Tendering/OpportunityDetail/Index?noticeUID=CO1.NTC.9579325&isFromPublicArea=True&isModal=true&asPopupView=true,03.v2.1,,,,,
CO1.PCCNTR.8951203,2026,Alcaldía Distrital de Barrancabermeja,Apoyo a la gestión,Sin rol,obra,PRESTACIÓN DE SERVICIOS COMO APOYO A LA GESTION PARA APOYAR LAS ACCIONES TÉCNICAS DE LA SECRETARIA DISTRITAL DE AMBIENTE Y TRANSICIÓN ENERGÉTICA DE LA ALCALDÍA DE BARRANCABERMEJA DENTRO DEL PROYECTO DE IMPLEMENTACIÓN DE PROMOTORES AMBIENTALES PARA LA CONSTRUCCIÓN DE UNA CIUDAD SOSTENIBLE EN EL DISTR,https://community.secop.gov.co/Public/Tendering/OpportunityDetail/Index?noticeUID=CO1.NTC.9584512&isFromPublicArea=True&isModal=true&asPopupView=true,03.v2.1,,,,,
CO1.PCCNTR.8952349,2026,Alcaldía Distrital de Barrancabermeja,Apoyo a la gestión,Sin rol,obra,PRESTACIÓN DE SERVICIOS COMO APOYO A LA GESTION PARA APOYAR LAS ACCIONES TÉCNICAS DE LA SECRETARIA DISTRITAL DE AMBIENTE Y TRANSICIÓN ENERGÉTICA DE LA ALCALDÍA DE BARRANCABERMEJA DENTRO DEL PROYECTO DE IMPLEMENTACIÓN DE PROMOTORES AMBIENTALES PARA LA CONSTRUCCIÓN DE UNA CIUDAD SOSTENIBLE EN EL DISTR,https://community.secop.gov.co/Public/Tendering/OpportunityDetail/Index?noticeUID=CO1.NTC.9585462&isFromPublicArea=True&isModal=true&asPopupView=true,03.v2.1,,,,,
CO1.PCCNTR.8956084,2026,Alcaldía Distrital de Barrancabermeja,Apoyo a la gestión,Sin rol,obra,PRESTACIÓN DE SERVICIOS COMO APOYO A LA GESTION PARA APOYAR LAS ACCIONES TÉCNICAS DE LA SECRETARIA DISTRITAL DE AMBIENTE Y TRANSICIÓN ENERGÉTICA DE LA ALCALDÍA DE BARRANCABERMEJA DENTRO DEL PROYECTO DE IMPLEMENTACIÓN DE PROMOTORES AMBIENTALES PARA LA CONSTRUCCIÓN DE UNA CIUDAD SOSTENIBLE EN EL DISTR,https://community.secop.gov.co/Public/Tendering/OpportunityDetail/Index?noticeUID=CO1.NTC.9588980&isFromPublicArea=True&isModal=true&asPopupView=true,03.v2.1,,,,,
CO1.PCCNTR.8956719,2026,Alcaldía Distrital de Barrancabermeja,Apoyo a la gestión,Sin rol,obra,PRESTACIÓN DE SERVICIOS COMO APOYO A LA GESTION PARA APOYAR LAS ACCIONES TÉCNICAS DE LA SECRETARIA DISTRITAL DE AMBIENTE Y TRANSICIÓN ENERGÉTICA DE LA ALCALDÍA DE BARRANCABERMEJA DENTRO DEL PROYECTO DE IMPLEMENTACIÓN DE PROMOTORES AMBIENTALES PARA LA CONSTRUCCIÓN DE UNA CIUDAD SOSTENIBLE EN EL DISTR,https://community.secop.gov.co/Public/Tendering/OpportunityDetail/Index?noticeUID=CO1.NTC.9589196&isFromPublicArea=True&isModal=true&asPopupView=true,03.v2.1,,,,,
CO1.PCCNTR.8976955,2026,Alcaldía Distrital de Barrancabermeja,Apoyo a la gestión,Sin rol,obra,PRESTACIÓN DE SERVICIOS COMO APOYO A LA GESTION PARA APOYAR LAS ACCIONES TÉCNICAS DE LA SECRETARIA DISTRITAL DE AMBIENTE Y TRANSICIÓN ENERGÉTICA DE LA ALCALDÍA DE BARRANCABERMEJA DENTRO DEL PROYECTO DE IMPLEMENTACIÓN DE PROMOTORES AMBIENTALES PARA LA CONSTRUCCIÓN DE UNA CIUDAD SOSTENIBLE EN EL DISTR,https://community.secop.gov.co/Public/Tendering/OpportunityDetail/Index?noticeUID=CO1.NTC.9607981&isFromPublicArea=True&isModal=true&asPopupView=true,03.v2.1,,,,,
CO1.PCCNTR.8977327,2026,Alcaldía Distrital de Barrancabermeja,Apoyo a la gestión,Sin rol,obra,PRESTACIÓN DE SERVICIOS COMO APOYO A LA GESTION PARA APOYAR LAS ACCIONES TÉCNICAS DE LA SECRETARIA DISTRITAL DE AMBIENTE Y TRANSICIÓN ENERGÉTICA DE LA ALCALDÍA DE BARRANCABERMEJA DENTRO DEL PROYECTO DE IMPLEMENTACIÓN DE PROMOTORES AMBIENTALES PARA LA CONSTRUCCIÓN DE UNA CIUDAD SOSTENIBLE EN EL DISTR,https://community.secop.gov.co/Public/Tendering/OpportunityDetail/Index?noticeUID=CO1.NTC.9608134&isFromPublicArea=True&isModal=true&asPopupView=true,03.v2.1,,,,,
CO1.PCCNTR.8979136,2026,Alcaldía Distrital de Barrancabermeja,Apoyo a la gestión,Sin rol,obra,PRESTACIÓN DE SERVICIOS COMO APOYO A LA GESTION PARA APOYAR LAS ACCIONES TÉCNICAS DE LA SECRETARIA DISTRITAL DE AMBIENTE Y TRANSICIÓN ENERGÉTICA DE LA ALCALDÍA DE BARRANCABERMEJA DENTRO DEL PROYECTO DE IMPLEMENTACIÓN DE PROMOTORES AMBIENTALES PARA LA CONSTRUCCIÓN DE UNA CIUDAD SOSTENIBLE EN EL DISTR,https://community.secop.gov.co/Public/Tendering/OpportunityDetail/Index?noticeUID=CO1.NTC.9609789&isFromPublicArea=True&isModal=true&asPopupView=true,03.v2.1,,,,,
CO1.PCCNTR.8980026,2026,Alcaldía Distrital de Barrancabermeja,Apoyo a la gestión,Sin rol,obra,PRESTACIÓN DE SERVICIOS COMO APOYO A LA GESTION PARA APOYAR LAS ACCIONES TÉCNICAS DE LA SECRETARIA DISTRITAL DE AMBIENTE Y TRANSICIÓN ENERGÉTICA DE LA ALCALDÍA DE BARRANCABERMEJA DENTRO DEL PROYECTO DE IMPLEMENTACIÓN DE PROMOTORES AMBIENTALES PARA LA CONSTRUCCIÓN DE UNA CIUDAD SOSTENIBLE EN EL DISTR,https://community.secop.gov.co/Public/Tendering/OpportunityDetail/Index?noticeUID=CO1.NTC.9610570&isFromPublicArea=True&isModal=true&asPopupView=true,03.v2.1,,,,,
CO1.PCCNTR.8981494,2026,Alcaldía Distrital de Barrancabermeja,Apoyo a la gestión,Sin rol,obra,PRESTACIÓN DE SERVICIOS COMO APOYO A LA GESTION PARA APOYAR LAS ACCIONES TÉCNICAS DE LA SECRETARIA DISTRITAL DE AMBIENTE Y TRANSICIÓN ENERGÉTICA DE LA ALCALDÍA DE BARRANCABERMEJA DENTRO DEL PROYECTO DE IMPLEMENTACIÓN DE PROMOTORES AMBIENTALES PARA LA CONSTRUCCIÓN DE UNA CIUDAD SOSTENIBLE EN EL DISTR,https://community.secop.gov.co/Public/Tendering/OpportunityDetail/Index?noticeUID=CO1.NTC.9612614&isFromPublicArea=True&isModal=true&asPopupView=true,03.v2.1,,,,,
CO1.PCCNTR.8982342,2026,Alcaldía Distrital de Barrancabermeja,Apoyo a la gestión,Sin rol,obra,PRESTACIÓN DE SERVICIOS COMO APOYO A LA GESTION PARA APOYAR LAS ACCIONES TÉCNICAS DE LA SECRETARIA DISTRITAL DE AMBIENTE Y TRANSICIÓN ENERGÉTICA DE LA ALCALDÍA DE BARRANCABERMEJA DENTRO DEL PROYECTO DE IMPLEMENTACIÓN DE PROMOTORES AMBIENTALES PARA LA CONSTRUCCIÓN DE UNA CIUDAD SOSTENIBLE EN EL DISTR,https://community.secop.gov.co/Public/Tendering/OpportunityDetail/Index?noticeUID=CO1.NTC.9613145&isFromPublicArea=True&isModal=true&asPopupView=true,03.v2.1,,,,,
CO1.PCCNTR.8984302,2026,Alcaldía Distrital de Barrancabermeja,Apoyo a la gestión,Sin rol,obra,PRESTACIÓN DE SERVICIOS COMO APOYO A LA GESTION PARA APOYAR LAS ACCIONES TÉCNICAS DE LA SECRETARIA DISTRITAL DE AMBIENTE Y TRANSICIÓN ENERGÉTICA DE LA ALCALDÍA DE BARRANCABERMEJA DENTRO DEL PROYECTO DE IMPLEMENTACIÓN DE PROMOTORES AMBIENTALES PARA LA CONSTRUCCIÓN DE UNA CIUDAD SOSTENIBLE EN EL DISTR,https://community.secop.gov.co/Public/Tendering/OpportunityDetail/Index?noticeUID=CO1.NTC.9614780&isFromPublicArea=True&isModal=true&asPopupView=true,03.v2.1,,,,,
CO1.PCCNTR.8987178,2026,Alcaldía Distrital de Barrancabermeja,Apoyo a la gestión,Sin rol,obra,PRESTACIÓN DE SERVICIOS COMO APOYO A LA GESTION PARA APOYAR LAS ACCIONES TÉCNICAS DE LA SECRETARIA DISTRITAL DE AMBIENTE Y TRANSICIÓN ENERGÉTICA DE LA ALCALDÍA DE BARRANCABERMEJA DENTRO DEL PROYECTO DE IMPLEMENTACIÓN DE PROMOTORES AMBIENTALES PARA LA CONSTRUCCIÓN DE UNA CIUDAD SOSTENIBLE EN EL DISTR,https://community.secop.gov.co/Public/Tendering/OpportunityDetail/Index?noticeUID=CO1.NTC.9618851&isFromPublicArea=True&isModal=true&asPopupView=true,03.v2.1,,,,,
CO1.PCCNTR.8987639,2026,Alcaldía Distrital de Barrancabermeja,Apoyo a la gestión,Sin rol,obra,PRESTACIÓN DE SERVICIOS COMO APOYO A LA GESTION PARA APOYAR LAS ACCIONES TÉCNICAS DE LA SECRETARIA DISTRITAL DE AMBIENTE Y TRANSICIÓN ENERGÉTICA DE LA ALCALDÍA DE BARRANCABERMEJA DENTRO DEL PROYECTO DE IMPLEMENTACIÓN DE PROMOTORES AMBIENTALES PARA LA CONSTRUCCIÓN DE UNA CIUDAD SOSTENIBLE EN EL DISTR,https://community.secop.gov.co/Public/Tendering/OpportunityDetail/Index?noticeUID=CO1.NTC.9619170&isFromPublicArea=True&isModal=true&asPopupView=true,03.v2.1,,,,,
CO1.PCCNTR.8987744,2026,Alcaldía Distrital de Barrancabermeja,Apoyo a la gestión,Sin rol,obra,PRESTACIÓN DE SERVICIOS COMO APOYO A LA GESTION PARA APOYAR LAS ACCIONES TÉCNICAS DE LA SECRETARIA DISTRITAL DE AMBIENTE Y TRANSICIÓN ENERGÉTICA DE LA ALCALDÍA DE BARRANCABERMEJA DENTRO DEL PROYECTO DE IMPLEMENTACIÓN DE PROMOTORES AMBIENTALES PARA LA CONSTRUCCIÓN DE UNA CIUDAD SOSTENIBLE EN EL DISTR,https://community.secop.gov.co/Public/Tendering/OpportunityDetail/Index?noticeUID=CO1.NTC.9619513&isFromPublicArea=True&isModal=true&asPopupView=true,03.v2.1,,,,,
CO1.PCCNTR.8990113,2026,Alcaldía Distrital de Barrancabermeja,Apoyo a la gestión,Sin rol,obra,PRESTACIÓN DE SERVICIOS COMO APOYO A LA GESTION PARA APOYAR LAS ACCIONES TÉCNICAS DE LA SECRETARIA DISTRITAL DE AMBIENTE Y TRANSICIÓN ENERGÉTICA DE LA ALCALDÍA DE BARRANCABERMEJA DENTRO DEL PROYECTO DE IMPLEMENTACIÓN DE PROMOTORES AMBIENTALES PARA LA CONSTRUCCIÓN DE UNA CIUDAD SOSTENIBLE EN EL DISTR,https://community.secop.gov.co/Public/Tendering/OpportunityDetail/Index?noticeUID=CO1.NTC.9621497&isFromPublicArea=True&isModal=true&asPopupView=true,03.v2.1,,,,,
CO1.PCCNTR.8990819,2026,Alcaldía Distrital de Barrancabermeja,Apoyo a la gestión,Sin rol,obra,PRESTACIÓN DE SERVICIOS COMO APOYO A LA GESTION PARA APOYAR LAS ACCIONES TÉCNICAS DE LA SECRETARIA DISTRITAL DE AMBIENTE Y TRANSICIÓN ENERGÉTICA DE LA ALCALDÍA DE BARRANCABERMEJA DENTRO DEL PROYECTO DE IMPLEMENTACIÓN DE PROMOTORES AMBIENTALES PARA LA CONSTRUCCIÓN DE UNA CIUDAD SOSTENIBLE EN EL DISTR,https://community.secop.gov.co/Public/Tendering/OpportunityDetail/Index?noticeUID=CO1.NTC.9622293&isFromPublicArea=True&isModal=true&asPopupView=true,03.v2.1,,,,,
CO1.PCCNTR.8991731,2026,Alcaldía Distrital de Barrancabermeja,Apoyo a la gestión,Sin rol,obra,PRESTACIÓN DE SERVICIOS COMO APOYO A LA GESTION PARA APOYAR LAS ACCIONES TÉCNICAS DE LA SECRETARIA DISTRITAL DE AMBIENTE Y TRANSICIÓN ENERGÉTICA DE LA ALCALDÍA DE BARRANCABERMEJA DENTRO DEL PROYECTO DE IMPLEMENTACIÓN DE PROMOTORES AMBIENTALES PARA LA CONSTRUCCIÓN DE UNA CIUDAD SOSTENIBLE EN EL DISTR,https://community.secop.gov.co/Public/Tendering/OpportunityDetail/Index?noticeUID=CO1.NTC.9623000&isFromPublicArea=True&isModal=true&asPopupView=true,03.v2.1,,,,,
CO1.PCCNTR.8992127,2026,Alcaldía Distrital de Barrancabermeja,Apoyo a la gestión,Sin rol,obra,PRESTACIÓN DE SERVICIOS COMO APOYO A LA GESTION PARA APOYAR LAS ACCIONES TÉCNICAS DE LA SECRETARIA DISTRITAL DE AMBIENTE Y TRANSICIÓN ENERGÉTICA DE LA ALCALDÍA DE BARRANCABERMEJA DENTRO DEL PROYECTO DE IMPLEMENTACIÓN DE PROMOTORES AMBIENTALES PARA LA CONSTRUCCIÓN DE UNA CIUDAD SOSTENIBLE EN EL DISTR,https://community.secop.gov.co/Public/Tendering/OpportunityDetail/Index?noticeUID=CO1.NTC.9623939&isFromPublicArea=True&isModal=true&asPopupView=true,03.v2.1,,,,,
CO1.PCCNTR.9008069,2026,Alcaldía Distrital de Barrancabermeja,Apoyo a la gestión,Sin rol,,PRESTACIÓN DE SERVICIOS DE APOYO A LA GESTION COMO DINAMIZADORES ESCOLARES EN EL MARCO DEL PROYECTO FORTALECIMIENTO DE ESTRATEGIAS QUE GARANTIZAN UNA ADECUADA PRESTACION DEL SERVICIO EN LOS ESTABLECIMIENTOS EDUCATIVOS OFICIALES DEL DISTRITO DE BARRANCABERMEJA; SANTANDER,https://community.secop.gov.co/Public/Tendering/OpportunityDetail/Index?noticeUID=CO1.NTC.9641844&isFromPublicArea=True&isModal=true&asPopupView=true,03.v2.1,,,,,
CO1.PCCNTR.9013272,2026,Alcaldía Distrital de Barrancabermeja,Apoyo a la gestión,Sin rol,,PRESTACIÓN DE SERVICIOS DE APOYO A LA GESTION COMO DINAMIZADORES ESCOLARES EN EL MARCO DEL PROYECTO FORTALECIMIENTO DE ESTRATEGIAS QUE GARANTIZAN UNA ADECUADA PRESTACION DEL SERVICIO EN LOS ESTABLECIMIENTOS EDUCATIVOS OFICIALES DEL DISTRITO DE BARRANCABERMEJA; SANTANDER.,https://community.secop.gov.co/Public/Tendering/OpportunityDetail/Index?noticeUID=CO1.NTC.9646490&isFromPublicArea=True&isModal=true&asPopupView=true,03.v2.1,,,,,
CO1.PCCNTR.9015935,2026,Alcaldía Distrital de Barrancabermeja,Apoyo a la gestión,Sin rol,obra,PRESTACIÓN DE SERVICIOS COMO APOYO A LA GESTION PARA APOYAR LAS ACCIONES TÉCNICAS DE LA SECRETARIA DISTRITAL DE AMBIENTE Y TRANSICIÓN ENERGÉTICA DE LA ALCALDÍA DE BARRANCABERMEJA DENTRO DEL PROYECTO DE IMPLEMENTACIÓN DE PROMOTORES AMBIENTALES PARA LA CONSTRUCCIÓN DE UNA CIUDAD SOSTENIBLE EN EL DISTR,https://community.secop.gov.co/Public/Tendering/OpportunityDetail/Index?noticeUID=CO1.NTC.9649518&isFromPublicArea=True&isModal=true&asPopupView=true,03.v2.1,,,,,
CO1.PCCNTR.9025347,2026,Alcaldía Distrital de Barrancabermeja,Apoyo a la gestión,Sin rol,obra,PRESTACIÓN DE SERVICIOS COMO APOYO A LA GESTION PARA APOYAR LAS ACCIONES TÉCNICAS DE LA SECRETARIA DISTRITAL DE AMBIENTE Y TRANSICIÓN ENERGÉTICA DE LA ALCALDÍA DE BARRANCABERMEJA DENTRO DEL PROYECTO DE IMPLEMENTACIÓN DE PROMOTORES AMBIENTALES PARA LA CONSTRUCCIÓN DE UNA CIUDAD SOSTENIBLE EN EL DISTR,https://community.secop.gov.co/Public/Tendering/OpportunityDetail/Index?noticeUID=CO1.NTC.9658917&isFromPublicArea=True&isModal=true&asPopupView=true,03.v2.1,,,,,
CO1.PCCNTR.9034186,2026,Alcaldía Distrital de Barrancabermeja,Apoyo a la gestión,Sin rol,obra,PRESTACIÓN DE SERVICIOS COMO APOYO A LA GESTION PARA APOYAR LAS ACCIONES TÉCNICAS DE LA SECRETARIA DISTRITAL DE AMBIENTE Y TRANSICIÓN ENERGÉTICA DE LA ALCALDÍA DE BARRANCABERMEJA DENTRO DEL PROYECTO DE IMPLEMENTACIÓN DE PROMOTORES AMBIENTALES PARA LA CONSTRUCCIÓN DE UNA CIUDAD SOSTENIBLE EN EL DISTR,https://community.secop.gov.co/Public/Tendering/OpportunityDetail/Index?noticeUID=CO1.NTC.9668861&isFromPublicArea=True&isModal=true&asPopupView=true,03.v2.1,,,,,
CO1.PCCNTR.9048072,2026,Alcaldía Distrital de Barrancabermeja,Apoyo a la gestión,Sin rol,,PRESTACIÓN DE SERVICIOS DE APOYO A LA GESTIÓN PARA BRINDAR ACOMPAÑAMIENTO EN LAS ACTIVIDADES PROPIAS DE LOS ARCHIVOS DE GESTION DE LA ADMINISTRACION DISTRITAL EN EL MARCO DEL PROYECTO APOYO A LA ORGANIZACIÓN DE ARCHIVOS DE GESTIÓN Y LEVANTAMIENTO DE INVENTARIOS DOCUMENTALES EN EL DISTRITO DE BARRAN,https://community.secop.gov.co/Public/Tendering/OpportunityDetail/Index?noticeUID=CO1.NTC.9683440&isFromPublicArea=True&isModal=true&asPopupView=true,03.v2.1,,,,,
CO1.PCCNTR.9051482,2026,Alcaldía Distrital de Barrancabermeja,Apoyo a la gestión,Sin rol,obra,PRESTACIÓN DE SERVICIOS COMO APOYO A LA GESTION PARA APOYAR LAS ACCIONES TÉCNICAS DE LA SECRETARIA DISTRITAL DE AMBIENTE Y TRANSICIÓN ENERGÉTICA DE LA ALCALDÍA DE BARRANCABERMEJA DENTRO DEL PROYECTO DE IMPLEMENTACIÓN DE PROMOTORES AMBIENTALES PARA LA CONSTRUCCIÓN DE UNA CIUDAD SOSTENIBLE EN EL DISTR,https://community.secop.gov.co/Public/Tendering/OpportunityDetail/Index?noticeUID=CO1.NTC.9686638&isFromPublicArea=True&isModal=true&asPopupView=true,03.v2.1,,,,,
CO1.PCCNTR.9053711,2026,Alcaldía Distrital de Barrancabermeja,Apoyo a la gestión,Sin rol,obra,PRESTACIÓN DE SERVICIOS COMO APOYO A LA GESTION PARA APOYAR LAS ACCIONES TÉCNICAS DE LA SECRETARIA DISTRITAL DE AMBIENTE Y TRANSICIÓN ENERGÉTICA DE LA ALCALDÍA DE BARRANCABERMEJA DENTRO DEL PROYECTO DE IMPLEMENTACIÓN DE PROMOTORES AMBIENTALES PARA LA CONSTRUCCIÓN DE UNA CIUDAD SOSTENIBLE EN EL DISTR,https://community.secop.gov.co/Public/Tendering/OpportunityDetail/Index?noticeUID=CO1.NTC.9688421&isFromPublicArea=True&isModal=true&asPopupView=true,03.v2.1,,,,,
CO1.PCCNTR.9056237,2026,Alcaldía Distrital de Barrancabermeja,Apoyo a la gestión,Sin rol,obra,PRESTACIÓN DE SERVICIOS COMO APOYO A LA GESTION PARA APOYAR LAS ACCIONES TÉCNICAS DE LA SECRETARIA DISTRITAL DE AMBIENTE Y TRANSICIÓN ENERGÉTICA DE LA ALCALDÍA DE BARRANCABERMEJA DENTRO DEL PROYECTO DE IMPLEMENTACIÓN DE PROMOTORES AMBIENTALES PARA LA CONSTRUCCIÓN DE UNA CIUDAD SOSTENIBLE EN EL DISTR,https://community.secop.gov.co/Public/Tendering/OpportunityDetail/Index?noticeUID=CO1.NTC.9690942&isFromPublicArea=True&isModal=true&asPopupView=true,03.v2.1,,,,,
CO1.PCCNTR.9058149,2026,Alcaldía Distrital de Barrancabermeja,Apoyo a la gestión,Sin rol,obra,PRESTACIÓN DE SERVICIOS COMO APOYO A LA GESTION PARA APOYAR LAS ACCIONES TÉCNICAS DE LA SECRETARIA DISTRITAL DE AMBIENTE Y TRANSICIÓN ENERGÉTICA DE LA ALCALDÍA DE BARRANCABERMEJA DENTRO DEL PROYECTO DE IMPLEMENTACIÓN DE PROMOTORES AMBIENTALES PARA LA CONSTRUCCIÓN DE UNA CIUDAD SOSTENIBLE EN EL DISTR,https://community.secop.gov.co/Public/Tendering/OpportunityDetail/Index?noticeUID=CO1.NTC.9693037&isFromPublicArea=True&isModal=true&asPopupView=true,03.v2.1,,,,,
CO1.PCCNTR.9065436,2026,Alcaldía Distrital de Barrancabermeja,Apoyo a la gestión,Sin rol,,PRESTACIÓN DE SERVICIOS DE APOYO A LA GESTIÓN COMO DINAMIZADORES ESCOLARES EN EL MARCO DEL PROYECTO FORTALECIMIENTO DE ESTRATEGIAS QUE GARANTIZAN UNA ADECUADA PRESTACIÓN DEL SERVICIO EN LOS ESTABLECIMIENTOS EDUCATIVOS OFICIALES DEL DISTRITO DE BARRANCABERMEJA; SANTANDER.,https://community.secop.gov.co/Public/Tendering/OpportunityDetail/Index?noticeUID=CO1.NTC.9699903&isFromPublicArea=True&isModal=true&asPopupView=true,03.v2.1,,,,,
CO1.PCCNTR.9068189,2026,Alcaldía Distrital de Barrancabermeja,Apoyo a la gestión,Sin rol,obra,PRESTACIÓN DE SERVICIOS COMO APOYO A LA GESTION PARA APOYAR LAS ACCIONES TÉCNICAS DE LA SECRETARIA DISTRITAL DE AMBIENTE Y TRANSICIÓN ENERGÉTICA DE LA ALCALDÍA DE BARRANCABERMEJA DENTRO DEL PROYECTO DE IMPLEMENTACIÓN DE PROMOTORES AMBIENTALES PARA LA CONSTRUCCIÓN DE UNA CIUDAD SOSTENIBLE EN EL DISTR,https://community.secop.gov.co/Public/Tendering/OpportunityDetail/Index?noticeUID=CO1.NTC.9703293&isFromPublicArea=True&isModal=true&asPopupView=true,03.v2.1,,,,,
CO1.PCCNTR.9071211,2026,Alcaldía Distrital de Barrancabermeja,Apoyo a la gestión,Sin rol,obra,PRESTACIÓN DE SERVICIOS COMO APOYO A LA GESTION PARA APOYAR LAS ACCIONES TÉCNICAS DE LA SECRETARIA DISTRITAL DE AMBIENTE Y TRANSICIÓN ENERGÉTICA DE LA ALCALDÍA DE BARRANCABERMEJA DENTRO DEL PROYECTO DE IMPLEMENTACIÓN DE PROMOTORES AMBIENTALES PARA LA CONSTRUCCIÓN DE UNA CIUDAD SOSTENIBLE EN EL DISTR,https://community.secop.gov.co/Public/Tendering/OpportunityDetail/Index?noticeUID=CO1.NTC.9705664&isFromPublicArea=True&isModal=true&asPopupView=true,03.v2.1,,,,,
CO1.PCCNTR.9099531,2026,Alcaldía Distrital de Barrancabermeja,Apoyo a la gestión,Sin rol,obra,PRESTACIÓN DE SERVICIOS COMO APOYO A LA GESTION PARA APOYAR LAS ACCIONES TÉCNICAS DE LA SECRETARIA DISTRITAL DE AMBIENTE Y TRANSICIÓN ENERGÉTICA DE LA ALCALDÍA DE BARRANCABERMEJA DENTRO DEL PROYECTO DE IMPLEMENTACIÓN DE PROMOTORES AMBIENTALES PARA LA CONSTRUCCIÓN DE UNA CIUDAD SOSTENIBLE EN EL DISTR,https://community.secop.gov.co/Public/Tendering/OpportunityDetail/Index?noticeUID=CO1.NTC.9735430&isFromPublicArea=True&isModal=true&asPopupView=true,03.v2.1,,,,,
CO1.PCCNTR.9116940,2026,Alcaldía Distrital de Barrancabermeja,Apoyo a la gestión,Sin rol,obra,PRESTACIÓN DE SERVICIOS COMO APOYO A LA GESTION PARA APOYAR LAS ACCIONES TÉCNICAS DE LA SECRETARIA DISTRITAL DE AMBIENTE Y TRANSICIÓN ENERGÉTICA DE LA ALCALDÍA DE BARRANCABERMEJA DENTRO DEL PROYECTO DE IMPLEMENTACIÓN DE PROMOTORES AMBIENTALES PARA LA CONSTRUCCIÓN DE UNA CIUDAD SOSTENIBLE EN EL DISTR,https://community.secop.gov.co/Public/Tendering/OpportunityDetail/Index?noticeUID=CO1.NTC.9752516&isFromPublicArea=True&isModal=true&asPopupView=true,03.v2.1,,,,,
CO1.PCCNTR.9117252,2026,Alcaldía Distrital de Barrancabermeja,Apoyo a la gestión,Sin rol,obra,PRESTACIÓN DE SERVICIOS COMO APOYO A LA GESTION PARA APOYAR LAS ACCIONES TÉCNICAS DE LA SECRETARIA DISTRITAL DE AMBIENTE Y TRANSICIÓN ENERGÉTICA DE LA ALCALDÍA DE BARRANCABERMEJA DENTRO DEL PROYECTO DE IMPLEMENTACIÓN DE PROMOTORES AMBIENTALES PARA LA CONSTRUCCIÓN DE UNA CIUDAD SOSTENIBLE EN EL DISTR,https://community.secop.gov.co/Public/Tendering/OpportunityDetail/Index?noticeUID=CO1.NTC.9752816&isFromPublicArea=True&isModal=true&asPopupView=true,03.v2.1,,,,,
CO1.PCCNTR.9127781,2026,Alcaldía Distrital de Barrancabermeja,Apoyo a la gestión,Sin rol,,PRESTACIÓN DE SERVICIOS DE APOYO A LA GESTIÓN PARA APOYAR LOS PROCESOS ADMINISTRATIVOS Y OPERATIVOS DE LA SECRETARÍA DISTRITAL DE SEGURIDAD Y CONVIVENCIA; DEL DISTRITO DE BARRANCABERMEJA.,https://community.secop.gov.co/Public/Tendering/OpportunityDetail/Index?noticeUID=CO1.NTC.9763486&isFromPublicArea=True&isModal=true&asPopupView=true,03.v2.1,,,,,
CO1.PCCNTR.9184972,2026,Alcaldía Distrital de Barrancabermeja,Apoyo a la gestión,Sin rol,,PRESTACIÓN DE SERVICIOS COMO APOYO A LA GESTIÓN PARA APOYAR EL TRÁMITE Y LA LOGÍSTICA DE LAS ACTIVIDADES DESARROLLADAS; CONTRIBUYENDO AL ADECUADO DESARROLLO DE LAS JORNADAS INSTITUCIONALES Y ESPACIOS DE PARTICIPACIÓN JUVENIL DE LA DIRECCIÓN DE JUVENTUDES DE LA ALCALDÍA DISTRITAL DE BARRANCABERMEJA;,https://community.secop.gov.co/Public/Tendering/OpportunityDetail/Index?noticeUID=CO1.NTC.9817731&isFromPublicArea=True&isModal=true&asPopupView=true,03.v2.1,,,,,
CO1.PCCNTR.9195535,2026,Alcaldía Distrital de Barrancabermeja,Apoyo a la gestión,Sin rol,obra,PRESTACIÓN DE SERVICIOS COMO APOYO A LA GESTION PARA APOYAR LAS ACCIONES TÉCNICAS DE LA SECRETARIA DISTRITAL DE AMBIENTE Y TRANSICIÓN ENERGÉTICA DE LA ALCALDÍA DE BARRANCABERMEJA DENTRO DEL PROYECTO DE IMPLEMENTACIÓN DE PROMOTORES AMBIENTALES PARA LA CONSTRUCCIÓN DE UNA CIUDAD SOSTENIBLE EN EL DISTR,https://community.secop.gov.co/Public/Tendering/OpportunityDetail/Index?noticeUID=CO1.NTC.9827682&isFromPublicArea=True&isModal=true&asPopupView=true,03.v2.1,,,,,
CO1.PCCNTR.9195615,2026,Alcaldía Distrital de Barrancabermeja,Apoyo a la gestión,Sin rol,,PRESTACIÓN DE SERVICIOS DE APOYO A LA GESTIÓN PARA APOYAR LAS ACTIVIDADES ADMINISTRATIVAS Y OPERATIVAS DE LA SECRETARÍA DISTRITAL DE CULTURA Y PATRIMONIO; DEL DISTRITO DE BARRANCABERMEJA.,https://community.secop.gov.co/Public/Tendering/OpportunityDetail/Index?noticeUID=CO1.NTC.9827779&isFromPublicArea=True&isModal=true&asPopupView=true,03.v2.1,,,,,
CO1.PCCNTR.9245542,2026,Alcaldía Distrital de Barrancabermeja,Apoyo a la gestión,Sin rol,obra,PRESTACIÓN DE SERVICIOS COMO APOYO A LA GESTION PARA APOYAR LAS ACCIONES TÉCNICAS DE LA SECRETARIA DISTRITAL DE AMBIENTE Y TRANSICIÓN ENERGÉTICA DE LA ALCALDÍA DE BARRANCABERMEJA DENTRO DEL PROYECTO DE IMPLEMENTACIÓN DE PROMOTORES AMBIENTALES PARA LA CONSTRUCCIÓN DE UNA CIUDAD SOSTENIBLE EN EL DISTR,https://community.secop.gov.co/Public/Tendering/OpportunityDetail/Index?noticeUID=CO1.NTC.9877567&isFromPublicArea=True&isModal=true&asPopupView=true,03.v2.1,,,,,
CO1.PCCNTR.9263154,2026,Alcaldía Distrital de Barrancabermeja,Apoyo a la gestión,Sin rol,obra,PRESTACIÓN DE SERVICIOS COMO APOYO A LA GESTION PARA APOYAR LAS ACCIONES TÉCNICAS DE LA SECRETARIA DISTRITAL DE AMBIENTE Y TRANSICIÓN ENERGÉTICA DE LA ALCALDÍA DE BARRANCABERMEJA DENTRO DEL PROYECTO DE IMPLEMENTACIÓN DE PROMOTORES AMBIENTALES PARA LA CONSTRUCCIÓN DE UNA CIUDAD SOSTENIBLE EN EL DISTR,https://community.secop.gov.co/Public/Tendering/OpportunityDetail/Index?noticeUID=CO1.NTC.9895298&isFromPublicArea=True&isModal=true&asPopupView=true,03.v2.1,,,,,
CO1.PCCNTR.9853217,2026,Alcaldía Distrital de Barrancabermeja,Apoyo a la gestión,Apoyo a la gestión,,PRESTACIÓN DE SERVICIOS DE APOYO A LA GESTIÓN COMO TECNOLOGO EN CONTABILIDAD FINANCIERA; PARA CONTRIBUIR AL DESARROLLO Y EJECUCIÓN DEL PROCESO CONTABLE DE LA GESTIÓN PÚBLICA EN LA DIRECCION DE CONTABILIDAD DE LA SECRETARIA DE HACIENDA DISTRITAL DE BARRANCABERMEJA.,https://community.secop.gov.co/Public/Tendering/OpportunityDetail/Index?noticeUID=CO1.NTC.10765154&isFromPublicArea=True&isModal=true&asPopupView=true,03.v2.1,,,,,
CO1.PCCNTR.9863347,2026,Alcaldía Distrital de Barrancabermeja,Apoyo a la gestión,Sin rol,,PRESTACIÓN DE SERVICIOS DE APOYO A LA GESTIÓN PARA BRINDAR ACOMPAÑAMIENTO EN LAS DIFERENTES ACTIVIDADES Y PROCESOS ADMINISTRATIVOS REQUERIDOS DESDE LA SECRETARIA DISTRITAL DE SEGURIDAD Y CONVIVENCIA DEL DISTRITO DE BARRANCABERMEJA,https://community.secop.gov.co/Public/Tendering/OpportunityDetail/Index?noticeUID=CO1.NTC.10781310&isFromPublicArea=True&isModal=true&asPopupView=true,03.v2.1,,,,,
CO1.PCCNTR.9865395,2026,Alcaldía Distrital de Barrancabermeja,Apoyo a la gestión,Sin rol,,PRESTACIÓN DE SERVICIOS COMO APOYO A LA GESTIÓN EN LA EJECUCIÓN Y DESARROLLO DE ACTIVIDADES PROPIAS PARA LA ADECUADA ATENCIÓN EN LA DIRECCIÓN DE GESTIÓN DEL RIESGO DE DESASTRES DEL DISTRITO DE BARRANCABERMEJA,https://community.secop.gov.co/Public/Tendering/OpportunityDetail/Index?noticeUID=CO1.NTC.10784878&isFromPublicArea=True&isModal=true&asPopupView=true,03.v2.1,,,,,
CO1.PCCNTR.8782499,2026,Alcaldía Distrital de Barrancabermeja,Profesional,Profesional,,PRESTACIÓN DE SERVICIOS PROFESIONALES COMO INGENIERO(A) AMBIENTAL Y DE SANEAMIENTO; PARA BRINDAR ACOMPAÑAMIENTO EN LAS ACTIVIDADES ADMINISTRATIVAS; OPERATIVAS Y DE CONTROL URBANO QUE SE DESARROLLAN EN LA DIRECCIÓN DE ESPACIO PÚBLICO Y CONTROL URBANO; ADSCRITA A LA SECRETARÍA DISTRITAL DEL INTERIOR D,https://community.secop.gov.co/Public/Tendering/OpportunityDetail/Index?noticeUID=CO1.NTC.9406046&isFromPublicArea=True&isModal=true&asPopupView=true,03.v2.1,,,,,
CO1.PCCNTR.8811302,2026,Alcaldía Distrital de Barrancabermeja,Profesional,Profesional,,PRESTACIÓN DE SERVICIOS PROFESIONALES COMO CONTADOR (A)PUBLICO ESPECIALISTA EN GERENCIA DE LA SALUD; PARA APOYAR LAS ACCIONES QUE SE REQUIEREN ADELANTAR DESDE LA SECRETARIA DISTRITAL DE SALUD DE BARRANCABERMEJA EN EL MARCO DEL PLAN DECENAL DE SALUD PUBLICA EN EL DISTRITO DE BARRANCABERMEJA; SANTANDE,https://community.secop.gov.co/Public/Tendering/OpportunityDetail/Index?noticeUID=CO1.NTC.9440578&isFromPublicArea=True&isModal=true&asPopupView=true,03.v2.1,,,,,
CO1.PCCNTR.8824667,2026,Alcaldía Distrital de Barrancabermeja,Profesional,Profesional,,PRESTACIÓN DE SERVICIOS PROFESIONALES COMO ABOGADO EN DESARROLLO DEL PROYECTO IMPLEMENTACIÓN DE UNA ESTRATEGIA PARA LA CONSOLIDACIÓN Y EL FUNCIONAMIENTO DEL SISBEN EN EL DISTRITO DE BARRANCABERMEJA,https://community.secop.gov.co/Public/Tendering/OpportunityDetail/Index?noticeUID=CO1.NTC.9454856&isFromPublicArea=True&isModal=true&asPopupView=true,03.v2.1,,,,,
CO1.PCCNTR.8827167,2026,Alcaldía Distrital de Barrancabermeja,Profesional,Sin rol,,PRESTACION DE SERVICIOS PROFESIONALES COMO ADMINISTRADOR (A) DE EMPRESAS CON ESPECIALIZACIÓN PARA APOYAR TECNICAMENTE LA SECRETARIA DE HACIENDA DISTRITAL AREA DESPACHO EN EL PROCESO ADMINISTRATIVO EN DESARROLLO DEL PROYECTO FORTALECIMIENTO ECONÓMICO Y FINANCIERO DEL DISTRITO DE BARRANCABERMEJA SANTA,https://community.secop.gov.co/Public/Tendering/OpportunityDetail/Index?noticeUID=CO1.NTC.9457183&isFromPublicArea=True&isModal=true&asPopupView=true,03.v2.1,,,,,
CO1.PCCNTR.8836069,2026,Alcaldía Distrital de Barrancabermeja,Profesional,Profesional,,PRESTACIÓN DE SERVICIOS PROFESIONALES COMO ABOGADO PARA APOYAR EN EL DESARROLLO DEL PROYECTO DEL PROYECTO IMPLEMENTACIÓN DE UNA ESTRATEGIA QUE GARANTICE EL SERVICIO INTEGRAL EN LA OFICINA DE CATASTRO MULTIPROPÓSITO EN EL DISTRITO DE BARRANCABERMEJA,https://community.secop.gov.co/Public/Tendering/OpportunityDetail/Index?noticeUID=CO1.NTC.9466315&isFromPublicArea=True&isModal=true&asPopupView=true,03.v2.1,,,,,
CO1.PCCNTR.8981005,2026,Alcaldía Distrital de Barrancabermeja,Profesional,Sin rol,,PRESTACIÓN DE SERVICIOS PROFESIONALES COMO COMUNICADOR(A) SOCIAL; PARA BRINDAR APOYO EN LAS DIFERENTES ACTIVIDADES DESARROLLADAS POR LA ALCALDÍA DISTRITAL DE BARRANCABERMEJA; EN EL MARCO DEL PROYECTO DESARROLLO DE LA ESTRATEGIA INTEGRAL DE COMUNICACIÓN EN EL DISTRITO DE BARRANCABERMEJA; SANTANDER,https://community.secop.gov.co/Public/Tendering/OpportunityDetail/Index?noticeUID=CO1.NTC.9611490&isFromPublicArea=True&isModal=true&asPopupView=true,03.v2.1,,,,,
CO1.PCCNTR.9099723,2026,Alcaldía Distrital de Barrancabermeja,Profesional,Profesional,,PPRESTACIÓN DE SERVICIOS PROFESIONALES COMO ADMINISTRADOR (A) DE EMPRESAS ESPECIALISTA PARA APOYAR EL DESARROLLO DE ACTIVIDADES TÉCNICAS; ADMINISTRATIVAS Y DE GESTIÓN EN EL FONDO ROTATORIO DE FOMENTO; CAPACITACIÓN Y CRÉDITO PARA LA GENERACIÓN DE EMPRESAS Y EMPLEO - FORCAP; DEL DISTRITO DE BARRANCABE,https://community.secop.gov.co/Public/Tendering/OpportunityDetail/Index?noticeUID=CO1.NTC.9735280&isFromPublicArea=True&isModal=true&asPopupView=true,03.v2.1,,,,,
CO1.PCCNTR.9180579,2026,Alcaldía Distrital de Barrancabermeja,Profesional,Profesional,,PRESTACIÓN DE SERVICIOS PROFESIONALES COMO INGENIERO MECATRÓNICO PARA APOYAR LOS PROCESOS TÉCNICOS Y OPERATIVOS DE LA SECRETARÍA DISTRITAL DE AMBIENTE Y TRANSICIÓN ENERGÉTICA; DEL DISTRITO DE BARRANCABERMEJA.,https://community.secop.gov.co/Public/Tendering/OpportunityDetail/Index?noticeUID=CO1.NTC.9812918&isFromPublicArea=True&isModal=true&asPopupView=true,03.v2.1,,,,,
CO1.PCCNTR.9211424,2026,Alcaldía Distrital de Barrancabermeja,Profesional,Profesional,,PRESTAR LOS SERVICIOS PROFESIONALES COMO INGENIERO AMBIENTAL ESPECIALISTA PARA EL APOYO TÉCNICO EN LA GESTIÓN Y SEGUIMIENTO DE LAS ACTIVIDADES DESARROLLADAS POR LA SECRETARIA DE INFRAESTRUCTURA EN EL MARCO DEL PROYECTO DESARROLLO DE ACCIONES COMPLEMENTARIAS A LA GESTIÓN PROFESIONAL Y TÉCNICA DE LA S,https://community.secop.gov.co/Public/Tendering/OpportunityDetail/Index?noticeUID=CO1.NTC.9843095&isFromPublicArea=True&isModal=true&asPopupView=true,03.v2.1,,,,,
CO1.PCCNTR.9262140,2026,Alcaldía Distrital de Barrancabermeja,Profesional,Profesional,,PRESTACIÓN DE SERVICIOS PROFESIONALES COMO POLITÓLOGO PARA BRINDAR APOYO CON LAS ACCIONES; PLANES Y PROGRAMAS QUE SE IMPLEMENTAN EN LAS POLÍTICAS PÚBLICAS Y APOYAR CON LOS TRÁMITES ADMINISTRATIVOS DE LA SECRETARIA DISTRITAL DE LAS MUJERES Y LA INCLUSIÓN SOCIAL DEL DISTRITO DE BARRANCABERMEJA,https://community.secop.gov.co/Public/Tendering/OpportunityDetail/Index?noticeUID=CO1.NTC.9894525&isFromPublicArea=True&isModal=true&asPopupView=true,03.v2.1,,,,,
CO1.PCCNTR.9663088,2026,Alcaldía Distrital de Barrancabermeja,Profesional,Profesional,,PRESTACION DE SERVICIOS PROFESIONALES COMO ADMINISTRADORA DE EMPRESAS PARA APOYAR AL EQUIPO DE LA DIRECCION DE ADMINISTRACION DEL SECTOR EDUCCATIVO EN DESARROLLO DEL PROYECTO FORTALECIMIENTO DE ESTRATEGIAS QUE GARANTIZAN UNA ADECUADA PRESTACION DEL SERVICIO EN LOS ESTABLECIMIENTOS EDUCATIVOS OFICIAL,https://community.secop.gov.co/Public/Tendering/OpportunityDetail/Index?noticeUID=CO1.NTC.10511828&isFromPublicArea=True&isModal=true&asPopupView=true,03.v2.1,,,,,
CO1.PCCNTR.9797023,2026,Alcaldía Distrital de Barrancabermeja,Profesional,Profesional,,PRESTAR SERVICIOS PROFESIONALES COMO ABOGADO (A) PARA BRINDAR APOYO EN LOS DIFERENTES PROCESOS JURÍDICOS Y ASUNTOS ADMINISTRATIVOS EMANADOS DE LA DIRECCIÓN DE TALENTO HUMANO,https://community.secop.gov.co/Public/Tendering/OpportunityDetail/Index?noticeUID=CO1.NTC.10690954&isFromPublicArea=True&isModal=true&asPopupView=true,03.v2.1,,,,,
CO1.PCCNTR.9797733,2026,Alcaldía Distrital de Barrancabermeja,Profesional,Profesional,,PRESTACIÓN DE SERVICIOS PROFESIONALES COMO INGENIERO(A) DE ALIMENTOS O AGROINDUSTRIAL; PARA BRINDAR APOYO Y FORTALECER LAS ACCIONES Y/O ACTIVIDADES SOBRE HÁBITAT SALUDABLE Y SITUACIONES EN SALUD RELACIONADAS CON CONDICIONES AMBIENTALES EN EL MARCO DEL PLAN DECENAL DE SALUD PUBLICA Y DESARROLLO DEL P,https://community.secop.gov.co/Public/Tendering/OpportunityDetail/Index?noticeUID=CO1.NTC.10691778&isFromPublicArea=True&isModal=true&asPopupView=true,03.v2.1,,,,,
CO1.PCCNTR.9866909,2026,Alcaldía Distrital de Barrancabermeja,Profesional,Profesional,,PRESTAR SUS SERVICIOS PROFESIONALES COMO INGENIERO AMBIENTAL Y/O AFINES EN EL DESARROLLO Y EJECUCIÓN DE LAS ACTIVIDADES PARA LA ADECUADA ATENCIÓN EN LA DIRECCIÓN DE GESTIÓN DEL RIESGO DE DESASTRES DEL DISTRITO DE BARRANCABERMEJA.,https://community.secop.gov.co/Public/Tendering/OpportunityDetail/Index?noticeUID=CO1.NTC.10786439&isFromPublicArea=True&isModal=true&asPopupView=true,03.v2.1,,,,,
CO1.PCCNTR.9869962,2026,Alcaldía Distrital de Barrancabermeja,Profesional,Profesional,,PRESTACIÓN DE SERVICIOS PROFESIONALES COMO INGENIERO (A) INDUSTRIAL; PARA APOYAR LAS ACTIVIDADES TECNICAS Y ADMINISTRATIVAS QUE SE GENEREN EN LAS ACTUACIONES PROPIAS DEL FONDO ROTATORIO DE FOMENTO; CAPACITACIÓN Y CRÉDITO PARA LA GENERACIÓN DE EMPRESAS Y EMPLEO - FORCAP; DEL DISTRITO DE BARRANCABERME,https://community.secop.gov.co/Public/Tendering/OpportunityDetail/Index?noticeUID=CO1.NTC.10791044&isFromPublicArea=True&isModal=true&asPopupView=true,03.v2.1,,,,,
